NUM_LICENCIA,ID_DIRECCION,NOMBRE,PATERNO,MATERNO,CELULAR,email,f_ingreso,foto,rfc
Q9593086,8,HERVE,PIGGOT,TEBBE,9816743985,htebbe0@go.com,2016-08-31 11:40:51,https://robohash.org/temporaconsecteturvoluptatem.bmp?size=200x200&set=set1,BUAG890504M
Y6626892,671,FRANNIE,STEARNE,OFFEN,8403668362,foffen1@imageshack.us,2018-10-11 05:19:08,https://robohash.org/sitconsecteturut.jpg?size=200x200&set=set1,WACS731225M
M9027797,475,IRA,CORRADESCHI,ANNEY,7197963330,ianney2@networkadvertising.org,2015-03-02 13:09:13,https://robohash.org/utiurequi.png?size=200x200&set=set1,DEFL941031M
V9040163,709,NIKI,RUDGE,JOHNSEY,9882004862,njohnsey3@jimdo.com,2015-12-17 00:38:34,https://robohash.org/dolornullarerum.jpg?size=200x200&set=set1,MATE000407H
C6819828,165,BARR,GWILLYM,SIMONY,2896668196,bsimony4@tinypic.com,2017-12-26 04:09:55,https://robohash.org/adipiscitemporeasperiores.png?size=200x200&set=set1,PAJC860815H
P7858249,504,MAJOR,YGLESIA,PIRELLI,4546187329,mpirelli5@usa.gov,2015-05-04 15:57:35,https://robohash.org/sedrationerepellat.png?size=200x200&set=set1,HEMK771129M
S9315945,289,FERNANDA,LESURF,BATALINI,5404403583,fbatalini6@soundcloud.com,2017-02-15 01:02:22,https://robohash.org/errorsunta.bmp?size=200x200&set=set1,ZAIJ791021M
Y0393760,214,ANTONE,TRESLER,STERRICKS,2396122530,asterricks7@statcounter.com,2015-09-21 05:46:45,https://robohash.org/optioquovel.jpg?size=200x200&set=set1,GOVN680801M
T7825265,712,ARTEMIS,LAYTHAM,FLAXON,1281793643,aflaxon8@census.gov,2015-03-11 09:08:18,https://robohash.org/quideseruntvero.jpg?size=200x200&set=set1,PAJS590813H
O8917307,4,FLINT,SCHIEFERSTEIN,OLDAM,5634088761,foldam9@example.com,2017-07-20 08:53:40,https://robohash.org/dignissimosducimusnisi.bmp?size=200x200&set=set1,LOSH790827H
E9275232,321,LANI,CROAL,STEERS,4396528089,lsteersa@amazon.co.uk,2016-08-02 10:45:33,https://robohash.org/quaeratesteum.jpg?size=200x200&set=set1,ROGT930627M
Q3449812,583,TREY,SUTE,GRAAL,6494902558,tgraalb@blogs.com,2017-07-22 01:12:36,https://robohash.org/estquisquos.bmp?size=200x200&set=set1,GOWN920608H
W5408074,777,CARMA,JAKOUBEK,ARBLASTER,1718425114,carblasterc@bigcartel.com,2017-04-28 10:04:04,https://robohash.org/delectuscorruptiexpedita.jpg?size=200x200&set=set1,NIAC590217M
H2114551,23,GERI,CARPENTER,CORTEIS,9991738851,gcorteisd@vkontakte.ru,2016-02-19 00:38:14,https://robohash.org/rerumcommodiesse.jpg?size=200x200&set=set1,SASH980119H
K0010838,80,FELISHA,DIMITRIJEVIC,GOALBY,6123501255,fgoalbye@prlog.org,2017-07-20 17:56:15,https://robohash.org/nihilquieos.bmp?size=200x200&set=set1,WINS700706H
H0706593,75,HEDA,BERINGER,SHARRIER,5778521999,hsharrierf@hc360.com,2016-08-06 06:15:46,https://robohash.org/commodivelitet.jpg?size=200x200&set=set1,LAJL701103M
O6159781,465,COLLINE,NURSEY,PRITCHARD,9515505163,cpritchardg@msu.edu,2017-02-21 18:26:22,https://robohash.org/rerumsitaccusamus.jpg?size=200x200&set=set1,SOSJ550922H
B6103780,145,MEADE,LYDFORD,JARDINE,7205856844,mjardineh@china.com.cn,2017-01-02 08:04:02,https://robohash.org/commodirationenecessitatibus.bmp?size=200x200&set=set1,RIMQ990413M
O4222201,229,CHRISTEAN,PANTHER,ANDREUZZI,7971399628,candreuzzii@symantec.com,2015-06-19 07:17:52,https://robohash.org/quasutut.bmp?size=200x200&set=set1,BESA881209H
S7672222,518,GERMAINE,O' LIDDY,WAGHORNE,7584587666,gwaghornej@nsw.gov.au,2018-08-19 12:58:27,https://robohash.org/corruptimodiautem.png?size=200x200&set=set1,SCHP530629H
N2871913,596,MANDA,OLLEY,STOBBIE,6939718944,mstobbiek@reference.com,2017-02-05 16:11:57,https://robohash.org/fugiatutdistinctio.bmp?size=200x200&set=set1,BESC490124H
P0212112,565,DELORIA,COMSTY,GIANELLI,8666711747,dgianellil@sitemeter.com,2016-07-07 03:29:48,https://robohash.org/dictaevenietut.jpg?size=200x200&set=set1,SOMT780714H
M3474104,171,CHICK,SUAREZ,BOLZEN,3054534211,cbolzenm@nih.gov,2018-05-13 00:27:54,https://robohash.org/repellendusdeseruntconsequatur.bmp?size=200x200&set=set1,ARTS470319M
S9853491,260,ADOLPH,BIRDWHISTLE,PLUMRIDEGE,4968552880,aplumridegen@washington.edu,2017-02-28 07:08:53,https://robohash.org/accusamusetasperiores.jpg?size=200x200&set=set1,ATJW830728M
I9555961,127,SIFFRE,WOODUS,BELBIN,5774438261,sbelbino@biglobe.ne.jp,2017-05-30 14:03:25,https://robohash.org/aututfacere.png?size=200x200&set=set1,GEBB590828M
V4922386,373,DEW,CHETTLE,LEWARD,7354087501,dlewardp@adobe.com,2016-12-22 19:00:46,https://robohash.org/nonutest.jpg?size=200x200&set=set1,CAWO640104H
I8160283,289,EALASAID,BENDELOW,MCTERLAGH,9612066271,emcterlaghq@prweb.com,2016-03-13 08:10:47,https://robohash.org/perspiciatisvoluptatesvoluptas.bmp?size=200x200&set=set1,BEES500616M
F5219558,708,CATHARINE,MARLON,BRESTON,4305089236,cbrestonr@gmpg.org,2016-06-22 12:13:45,https://robohash.org/essedoloresnihil.png?size=200x200&set=set1,RARH680320M
P1753169,498,CORTNEY,DOYLAND,MUNNERY,2911270736,cmunnerys@bbc.co.uk,2015-04-25 05:36:13,https://robohash.org/corruptivelitmagni.bmp?size=200x200&set=set1,VASZ931211H
Z2168707,297,VIKKY,BAISH,BARTOLIC,4859833647,vbartolict@4shared.com,2016-03-01 12:42:26,https://robohash.org/dolorummaioresquo.jpg?size=200x200&set=set1,MUMK920911M
W4717712,311,JOHNA,BERK,FAWSON,4181647576,jfawsonu@tinyurl.com,2018-08-20 17:44:46,https://robohash.org/errordolorvoluptatem.jpg?size=200x200&set=set1,SWPL410930M
L9938051,593,CARMINE,HENBURY,CHUE,3194022813,cchuev@abc.net.au,2017-09-11 12:01:04,https://robohash.org/facilisoccaecatiaspernatur.bmp?size=200x200&set=set1,BUVU861027H
A8436666,260,PAULIE,KRZYZANOWSKI,CHESTON,3011190341,pchestonw@hostgator.com,2016-02-17 06:30:57,https://robohash.org/suntmolestiaset.jpg?size=200x200&set=set1,MOJM531120H
G9417681,713,CALLA,HOYS,MCARDLE,4872994665,cmcardlex@webs.com,2016-07-21 20:08:52,https://robohash.org/dolorumsuntarchitecto.bmp?size=200x200&set=set1,SMWS770701H
Q5631656,299,FILIDE,SWANNICK,VARNES,5297754775,fvarnesy@epa.gov,2018-09-04 15:05:55,https://robohash.org/deseruntquisquamcum.bmp?size=200x200&set=set1,ITMC470905M
P0900347,85,CLAUS,AMERIGHI,HARDWIN,3999834062,chardwinz@mediafire.com,2015-02-07 19:00:23,https://robohash.org/quisquammagnamaut.jpg?size=200x200&set=set1,CRBS400710M
P8986111,220,RAYNOR,VALLANCE,ALYOKHIN,5388747836,ralyokhin10@mashable.com,2016-09-25 23:26:48,https://robohash.org/saepeducimusenim.bmp?size=200x200&set=set1,SURL540817M
N8680875,390,ARYN,PIETRUSIAK,ADICOT,7603347494,aadicot11@comcast.net,2017-03-15 09:15:25,https://robohash.org/cupiditateexplicaboaut.png?size=200x200&set=set1,HARG970515M
L5726512,539,PIA,ROSER,BROSE,9531861431,pbrose12@nhs.uk,2015-01-09 11:07:47,https://robohash.org/iuredoloremaut.jpg?size=200x200&set=set1,PIBS880801M
T1801002,314,ROXY,BALSHAW,DEVOY,3579883824,rdevoy13@wiley.com,2015-03-12 16:03:24,https://robohash.org/repudiandaeminusculpa.png?size=200x200&set=set1,BELA720130M
R9839386,435,DAVEY,MCKELLAR,JORGE,2127265559,djorge14@imdb.com,2017-02-18 21:16:28,https://robohash.org/temporibussaepeofficia.jpg?size=200x200&set=set1,DURG560519H
N8047442,298,DARLLEEN,HURCHE,LANKFORD,5409917452,dlankford15@ucoz.com,2018-09-12 22:24:07,https://robohash.org/magnametet.png?size=200x200&set=set1,NEHN770710M
D5430057,130,LOELLA,IAMITTII,MOSEY,2472489229,lmosey16@bloomberg.com,2018-09-07 12:00:31,https://robohash.org/consequaturnonexpedita.png?size=200x200&set=set1,NOMG771007M
V4302644,368,ELWOOD,NUNSON,RANKCOM,7118781664,erankcom17@goo.ne.jp,2015-03-17 06:05:56,https://robohash.org/ducimuspariaturillo.bmp?size=200x200&set=set1,CAJA950712M
G4357444,311,CARO,WALBY,MATUSHEVICH,5228552466,cmatushevich18@biblegateway.com,2018-06-18 09:34:58,https://robohash.org/evenietutqui.jpg?size=200x200&set=set1,MABM650806H
O1529464,675,MUHAMMAD,CUMING,FAIRECLOUGH,3841512106,mfaireclough19@weather.com,2015-03-07 02:21:02,https://robohash.org/rerumquiquod.jpg?size=200x200&set=set1,SHMV680504M
W0702079,566,NERTI,BALDUNG,BRANGAN,9684298164,nbrangan1a@nifty.com,2018-08-11 13:01:23,https://robohash.org/rerumexqui.png?size=200x200&set=set1,NACS900213H
W4766759,32,CATLEE,CROMACK,HILLDRUP,7187321325,chilldrup1b@shutterfly.com,2015-10-29 12:17:39,https://robohash.org/cumquererumrepellendus.jpg?size=200x200&set=set1,ZOEC731218M
X9342083,251,OBED,CHESSER,DICKER,8746181449,odicker1c@toplist.cz,2017-11-12 05:14:20,https://robohash.org/quieaquedolorum.png?size=200x200&set=set1,GATK981005H
L7703917,666,TRACEY,FELTOE,TILLIARDS,5086962159,ttilliards1d@wsj.com,2017-01-31 06:53:27,https://robohash.org/autemrepellendusqui.jpg?size=200x200&set=set1,HAWC711130H
R2258469,441,REGEN,PAWLICKI,MORDEY,9003864182,rmordey1e@virginia.edu,2015-06-18 06:10:15,https://robohash.org/nisisuntquo.bmp?size=200x200&set=set1,BUSD930327M
Y2108159,609,KARILYNN,CLOWLEY,STRETTELL,2026212276,kstrettell1f@meetup.com,2017-05-10 12:04:04,https://robohash.org/possimusestmolestiae.png?size=200x200&set=set1,MUTM630618M
T3518329,57,KAROL,BUNTINE,ROBET,9681586168,krobet1g@bbc.co.uk,2018-08-04 22:29:49,https://robohash.org/aliquidminusullam.png?size=200x200&set=set1,KNSL770821M
D4001072,342,BOIGIE,WALLWORKE,STUDD,9274306322,bstudd1h@un.org,2018-07-02 11:49:52,https://robohash.org/utquiaid.jpg?size=200x200&set=set1,SHMT550606H
Z8473114,378,PEPITO,THAXTON,LOUISET,7795962379,plouiset1i@yellowbook.com,2017-06-02 02:05:55,https://robohash.org/consecteturdelectustempore.png?size=200x200&set=set1,CHCP990629M
W6191018,595,RALEIGH,WITTERING,BENOY,6071658307,rbenoy1j@sun.com,2016-02-05 02:11:26,https://robohash.org/providentearumquis.png?size=200x200&set=set1,SOTS861212M
M5746008,745,TRIS,VITTEL,MENAUTEAU,8329100939,tmenauteau1k@xrea.com,2017-06-11 16:29:10,https://robohash.org/delectusipsumsint.bmp?size=200x200&set=set1,BYRJ770529M
G6712381,525,TROY,LAMCKEN,GUERRIERI,7684780848,tguerrieri1l@admin.ch,2015-03-21 09:43:00,https://robohash.org/idmagnamaut.png?size=200x200&set=set1,SAHK690604H
Z5810310,560,GEREK,GLEADLE,DALMON,8473093033,gdalmon1m@bloglovin.com,2018-09-08 21:38:28,https://robohash.org/voluptatesquasvel.png?size=200x200&set=set1,STOB430826H
B3434454,731,JEANE,LASSELL,RICHEN,4154478571,jrichen1n@shop-pro.jp,2015-11-24 18:57:09,https://robohash.org/consequaturrerumnulla.jpg?size=200x200&set=set1,COSI680802M
S3755603,639,MADONNA,BLUNN,COOPEY,8238014695,mcoopey1o@usgs.gov,2015-09-14 07:00:51,https://robohash.org/temporealiasaccusantium.bmp?size=200x200&set=set1,DELJ820428M
Q3230292,311,CARMITA,GILLIAN,WHISTLECROFT,7299028539,cwhistlecroft1p@scribd.com,2018-11-03 09:52:15,https://robohash.org/cumqueutquo.png?size=200x200&set=set1,BUEN660107M
D4735028,321,NOLANA,RAMSBY,SMITHIN,9351836488,nsmithin1q@lulu.com,2018-06-05 02:07:01,https://robohash.org/quasiquamratione.jpg?size=200x200&set=set1,MAIF530110M
D8103844,349,HI,PHILIPSON,WICKERSHAM,6101126314,hwickersham1r@liveinternet.ru,2017-08-25 11:03:03,https://robohash.org/etveniamaperiam.png?size=200x200&set=set1,FOBT510220H
D3909084,372,MEREDETH,HRACHOVEC,METSCHKE,7883023042,mmetschke1s@archive.org,2017-06-02 18:28:50,https://robohash.org/dignissimosdistinctiovitae.bmp?size=200x200&set=set1,LAGG840319M
P4153664,20,ANDERSON,SAVARY,LAHY,1363489418,alahy1t@wikimedia.org,2016-01-17 21:18:43,https://robohash.org/cumqueoccaecatimaxime.jpg?size=200x200&set=set1,NITA430110M
U7548274,255,MAX,BRINSFORD,BAINTON,5069835194,mbainton1u@baidu.com,2018-01-02 00:48:37,https://robohash.org/veritatisenimvoluptates.png?size=200x200&set=set1,MULG690719H
A3255320,297,BIRON,ARNELL,HUNTER,9721862070,bhunter1v@purevolume.com,2016-10-07 03:51:32,https://robohash.org/estmagnamquis.jpg?size=200x200&set=set1,AIFL571212M
H7509462,92,AMIL,PICCOP,GRAYSHAN,6239438620,agrayshan1w@desdev.cn,2016-03-06 13:32:28,https://robohash.org/quisquamvelitunde.bmp?size=200x200&set=set1,NOHC451105M
P9057063,313,TILDY,BALLS,JEFFELS,5912234879,tjeffels1x@nydailynews.com,2015-07-10 23:25:25,https://robohash.org/porroeavelit.png?size=200x200&set=set1,PRSN930731H
W7521474,333,EOLANDA,CUDD,HEATLIE,3235914617,eheatlie1y@craigslist.org,2015-05-25 06:17:31,https://robohash.org/quiaquosincidunt.jpg?size=200x200&set=set1,BLHB920510M
J5710191,600,JEN,GADAUD,RICHEMOND,1189833319,jrichemond1z@rediff.com,2018-10-31 20:03:10,https://robohash.org/ipsamsedeius.bmp?size=200x200&set=set1,SLHA981107M
K2423419,230,SEYMOUR,JEDRAS,WICKRATH,5446739052,swickrath20@ca.gov,2015-02-14 04:05:25,https://robohash.org/debitisperspiciatisdistinctio.jpg?size=200x200&set=set1,ORLH540121M
Y0605961,149,GIACOBO,WOOLLETT,MACMAYKIN,8553118223,gmacmaykin21@simplemachines.org,2017-10-17 19:14:24,https://robohash.org/eligendiitaqueexplicabo.jpg?size=200x200&set=set1,CATI850717M
P3346589,367,CARCE,SEDMAN,MATEOS,9645555792,cmateos22@artisteer.com,2015-11-21 10:42:10,https://robohash.org/ipsumabid.bmp?size=200x200&set=set1,KUBZ990313H
D9564172,533,JASEN,SPARSHOTT,MAIDENS,2587418516,jmaidens23@fema.gov,2015-08-29 08:40:50,https://robohash.org/quasrerumdolore.bmp?size=200x200&set=set1,WIHC000807M
T6849705,567,LISETTA,FLOCKHART,DEVENNIE,2504916445,ldevennie24@is.gd,2015-09-11 01:51:47,https://robohash.org/rerumlaboriosamqui.png?size=200x200&set=set1,PRWA520119M
V8163524,383,LINETTE,BILBEY,FOLLITT,5068309631,lfollitt25@g.co,2016-02-27 17:50:53,https://robohash.org/utofficiissequi.jpg?size=200x200&set=set1,CADS920823M
U8157030,119,TEIRTZA,BOWCOCK,FROWDE,6178087139,tfrowde26@europa.eu,2016-12-11 23:17:27,https://robohash.org/teneturnequelaborum.bmp?size=200x200&set=set1,BACB980527M
Y7831488,154,FERGUS,BURKMAN,BANG,8093053593,fbang27@discuz.net,2017-02-11 16:02:02,https://robohash.org/repellendusetin.png?size=200x200&set=set1,SHBL430917M
U4945792,722,WILHELMINE,RUDOLPH,ISHAK,5597922044,wishak28@prlog.org,2017-03-02 07:19:09,https://robohash.org/maximeutaliquid.bmp?size=200x200&set=set1,PASG480617H
J3965768,705,ABAGAIL,TOLMIE,COAKLEY,9338617600,acoakley29@angelfire.com,2016-08-21 13:46:22,https://robohash.org/dolorumcorruptivoluptatem.bmp?size=200x200&set=set1,THDA740315H
L1963428,680,FRANCHOT,BROUNFIELD,POLDEN,5367866445,fpolden2a@goo.gl,2017-06-16 05:52:39,https://robohash.org/autquiet.jpg?size=200x200&set=set1,KLYW800313M
H7611062,767,ANGIL,FILLIMORE,FORTEY,9992028514,afortey2b@live.com,2016-07-17 19:02:25,https://robohash.org/eumsuntet.bmp?size=200x200&set=set1,BUUD460425H
B1889924,382,EDELINE,PELLEW,GREENSITE,1703514673,egreensite2c@latimes.com,2017-12-05 15:02:32,https://robohash.org/quiamaximeprovident.jpg?size=200x200&set=set1,JAGN840507H
Y3091379,768,NORRI,SUSSEMS,GUILLON,2645725750,nguillon2d@pagesperso-orange.fr,2015-08-28 04:56:16,https://robohash.org/commodiabexercitationem.bmp?size=200x200&set=set1,MACM550718H
O8280471,512,BERTON,RADELIFFE,ESPINAL,5095319244,bespinal2e@moonfruit.com,2018-05-29 12:01:06,https://robohash.org/rerumbeataeexpedita.bmp?size=200x200&set=set1,BEWJ510505M
U9445683,37,BRINY,MARGERY,BASILE,6633827052,bbasile2f@lycos.com,2017-08-24 20:05:25,https://robohash.org/omnissintratione.png?size=200x200&set=set1,SEJA811223H
O6025142,115,CELINA,EIXENBERGER,LAMBERSEN,7284864339,clambersen2g@nature.com,2017-12-31 14:33:40,https://robohash.org/quibusdamminusodit.jpg?size=200x200&set=set1,LOMB491231M
B3532528,417,CURRIE,CYPLER,ILYUKHOV,8677836304,cilyukhov2h@webeden.co.uk,2018-11-22 04:28:28,https://robohash.org/molestiaesitautem.bmp?size=200x200&set=set1,HESJ940923H
J2145008,733,EWAN,SIBERRY,COLBECK,6855282731,ecolbeck2i@umn.edu,2015-07-19 00:48:15,https://robohash.org/quaerattemporadeserunt.png?size=200x200&set=set1,NONE740125M
U0534369,308,GILLY,BUTSON,MACGILLIVRIE,4654965703,gmacgillivrie2j@shop-pro.jp,2018-02-19 05:38:54,https://robohash.org/utautemest.bmp?size=200x200&set=set1,GYCE491217M
D2701354,279,SHEPARD,COVOLINI,ASPRAY,7133724327,saspray2k@themeforest.net,2018-03-28 06:39:58,https://robohash.org/fugaautenim.bmp?size=200x200&set=set1,CADT721027M
T4038175,525,ROWAN,CHICKEN,DUR,6837194118,rdur2l@wsj.com,2017-05-20 13:14:55,https://robohash.org/consequaturlaudantiumet.bmp?size=200x200&set=set1,YUAP560520H
E9791813,769,ANYA,WALCH,TIDESWELL,2333155951,atideswell2m@indiatimes.com,2016-03-24 10:28:58,https://robohash.org/quisquasiminus.png?size=200x200&set=set1,PLMA590306M
O7607686,483,PHEBE,JANUSZKIEWICZ,IMASON,8445406784,pimason2n@discuz.net,2017-01-15 16:36:00,https://robohash.org/quodsintofficiis.jpg?size=200x200&set=set1,PIGR990314M
B7908199,194,BRITTAN,SUKBHANS,SCHULTZ,7477857281,bschultz2o@uiuc.edu,2018-08-02 23:51:17,https://robohash.org/debitisipsamqui.jpg?size=200x200&set=set1,LYES671120M
Q1367191,597,ELLETTE,VALASEK,JASLEM,5527291634,ejaslem2p@cbsnews.com,2016-05-04 22:48:47,https://robohash.org/perspiciatisquisquamaspernatur.png?size=200x200&set=set1,SUMF850316H
P0096944,81,KATTIE,MCCOOKE,BALLHAM,6852911040,kballham2q@unc.edu,2015-12-19 14:58:01,https://robohash.org/quidemmaximesoluta.png?size=200x200&set=set1,LOLI430611M
W1468880,319,DEANNA,AYMERICH,PINKETT,8757881820,dpinkett2r@prnewswire.com,2017-01-23 09:29:40,https://robohash.org/voluptasexplicabosit.jpg?size=200x200&set=set1,CHCB420428H
Z6192819,5,SHERWIN,MEWE,BAKEWELL,9784822127,sbakewell2s@bloglovin.com,2016-07-22 22:16:08,https://robohash.org/quiexaut.bmp?size=200x200&set=set1,KIWR500803H
P0535209,641,YANCE,SLOWAN,CORR,2247163308,ycorr2t@stanford.edu,2016-06-23 06:21:42,https://robohash.org/adcommodivero.bmp?size=200x200&set=set1,LOMX680410M
T1848811,340,CONRADO,SALVADORE,MCALINION,6664940929,cmcalinion2u@phpbb.com,2017-08-04 22:30:37,https://robohash.org/cumquequosblanditiis.png?size=200x200&set=set1,HAMC701010M
L0591863,375,BEVERIE,SHOWERING,BACKEN,7464544289,bbacken2v@nhs.uk,2016-01-14 11:22:37,https://robohash.org/autquascommodi.png?size=200x200&set=set1,CRWG580626M
T6071756,288,MARYLINDA,DURNAN,YAKOVL,9221237052,myakovl2w@rambler.ru,2016-12-25 10:51:09,https://robohash.org/fugiatofficianecessitatibus.jpg?size=200x200&set=set1,SHHA810406H
M0106508,146,RUTTGER,ESCOFFIER,GRATTEN,4284022525,rgratten2x@sitemeter.com,2018-08-29 12:04:32,https://robohash.org/laborumaspernaturnam.bmp?size=200x200&set=set1,BEOL640611M
Z8527789,168,MISSIE,LOVEL,VERDEY,7896786429,mverdey2y@ycombinator.com,2016-09-05 13:34:42,https://robohash.org/voluptasnullaquos.bmp?size=200x200&set=set1,GLTW550430H
X2832503,135,RAFAEL,HERRERAN,LAFFLINA,6779630875,rlafflina2z@addthis.com,2016-04-02 02:53:29,https://robohash.org/temporibussintvoluptate.bmp?size=200x200&set=set1,CRSL610110M
Q5034316,261,SOLLIE,ROMERA,ARBOR,2572401696,sarbor30@about.com,2016-03-10 10:43:36,https://robohash.org/voluptatesiustohic.jpg?size=200x200&set=set1,ROHR440907H
M0076408,118,GOLDI,HIDDERSLEY,PORTSMOUTH,4557436449,gportsmouth31@abc.net.au,2018-09-27 06:37:11,https://robohash.org/omnisdolorestemporibus.png?size=200x200&set=set1,FROP920824H
H3442713,426,EDYTHE,BARRACK,DYET,2033477735,edyet32@cpanel.net,2018-12-11 01:48:30,https://robohash.org/etminusid.jpg?size=200x200&set=set1,BLWE421005M
T9785684,693,IMOGENE,DEBILL,MARSHALLECK,1211005845,imarshalleck33@icq.com,2018-03-12 23:41:54,https://robohash.org/etautid.png?size=200x200&set=set1,MIGJ940610H
P7936345,162,BONNI,MAGOVERN,GUINANE,9274756211,bguinane34@delicious.com,2018-11-11 23:12:21,https://robohash.org/architectoquasiautem.bmp?size=200x200&set=set1,KNHI440304M
P3742236,426,NILS,FINNICK,ROXBEE,5634390477,nroxbee35@seesaa.net,2018-01-05 22:42:38,https://robohash.org/etveritatisducimus.png?size=200x200&set=set1,ROJO690726M
A0160277,158,KAIN,DARRIGRAND,HAMPER,7732195130,khamper36@weather.com,2016-08-30 21:43:59,https://robohash.org/velitasperioresvero.bmp?size=200x200&set=set1,TRMS530819H
T6957570,235,TRACEY,BARRAR,ANTLIFF,5859010524,tantliff37@spotify.com,2018-09-17 08:17:01,https://robohash.org/estsintdebitis.bmp?size=200x200&set=set1,FLKA460908H
V1118601,268,JULI,MCRAVEY,HARKIN,8485317243,jharkin38@chron.com,2015-06-01 16:19:16,https://robohash.org/quasiinciduntqui.jpg?size=200x200&set=set1,LAWS900922M
T5903577,120,MINNAMINNIE,GERY,DOMENEY,6215267131,mdomeney39@dedecms.com,2015-01-02 22:36:38,https://robohash.org/nostrumiureut.png?size=200x200&set=set1,RYJU700223M
J2458627,775,TOMMI,CANCELLARIO,SIMONITTO,4494849934,tsimonitto3a@desdev.cn,2017-01-28 21:35:14,https://robohash.org/assumendaquonon.bmp?size=200x200&set=set1,EIST610919H
J2025622,530,BILLI,WATCHORN,BLACKHALL,4034441132,bblackhall3b@cnbc.com,2015-02-13 13:02:53,https://robohash.org/inlaboriosamalias.png?size=200x200&set=set1,SHCI840309M
X6686364,530,BRET,FIBBINGS,MELBURG,1217104138,bmelburg3c@rediff.com,2015-03-02 00:00:26,https://robohash.org/eteaperferendis.jpg?size=200x200&set=set1,STZO490119H
R5835321,626,ARABELE,KEYSON,EUPLATE,9294438899,aeuplate3d@cocolog-nifty.com,2015-04-14 12:13:54,https://robohash.org/sintutaut.jpg?size=200x200&set=set1,NOSB510407H
B6811983,702,MAYNE,CAUDRAY,HALLATT,8921920140,mhallatt3e@lulu.com,2017-08-12 18:16:05,https://robohash.org/debitisutet.bmp?size=200x200&set=set1,TISO460618M
N2580123,71,GABBI,SILVERSMID,BLANCHETTE,8698866996,gblanchette3f@rediff.com,2018-02-16 20:11:03,https://robohash.org/laudantiumatvoluptas.bmp?size=200x200&set=set1,LETC931020H
M7908694,258,ELSY,MARSKELL,KALKER,7896999032,ekalker3g@nature.com,2018-03-13 02:17:13,https://robohash.org/expeditalaboriosamnon.bmp?size=200x200&set=set1,SPMM790428M
D5937509,52,ALDIS,MACALLEN,KELBY,3254271793,akelby3h@webs.com,2017-04-12 15:22:10,https://robohash.org/vitaebeataeeum.bmp?size=200x200&set=set1,SKBK410307H
V9967055,78,GEORGENA,KEHOE,TANKIN,4795526911,gtankin3i@fda.gov,2017-02-03 10:01:54,https://robohash.org/estaliasdolorum.png?size=200x200&set=set1,RICC951127M
O8391614,18,MALCHY,MACINERNEY,CONRE,2031778901,mconre3j@tinyurl.com,2015-07-28 07:36:24,https://robohash.org/etillumdoloremque.png?size=200x200&set=set1,DAMD490804M
E8352403,625,WHITTAKER,GALLIFORD,ARDLEY,3431503929,wardley3k@fastcompany.com,2017-03-12 01:52:14,https://robohash.org/expeditaabcommodi.bmp?size=200x200&set=set1,KOLG460309H
A6103113,710,JOCKO,SWEPSTONE,AGNEY,9456550669,jagney3l@indiegogo.com,2016-03-29 05:42:33,https://robohash.org/verodelenitinostrum.bmp?size=200x200&set=set1,GREK681013M
M3724123,503,STEPHANUS,CRAWLEY,KIRSTEIN,9324206966,skirstein3m@phpbb.com,2017-06-29 21:16:30,https://robohash.org/nontenetursunt.png?size=200x200&set=set1,ROHG540422M
I9860612,511,MAE,SHAVE,MICHEL,8237103073,mmichel3n@icio.us,2018-08-28 12:23:45,https://robohash.org/velitaqueiste.jpg?size=200x200&set=set1,MAKS490710H
X9399452,381,KAREL,ELSON,O'GORMLEY,4911403317,kogormley3o@clickbank.net,2016-03-30 20:39:01,https://robohash.org/estremdoloremque.png?size=200x200&set=set1,TQZB255240H
M4603672,547,NYSSA,PETRENKO,SECRET,5384662268,nsecret3p@state.gov,2015-06-28 13:41:57,https://robohash.org/sintearumodit.bmp?size=200x200&set=set1,JODT886005H
I5578556,492,RAOUL,BEEDELL,CASTAGNONE,2209026348,rcastagnone3q@washingtonpost.com,2016-07-26 17:35:00,https://robohash.org/nonminimaconsequatur.bmp?size=200x200&set=set1,SWSW366297H
T4948757,111,SHANI,PLANE,TOOK,8305388144,stook3r@berkeley.edu,2015-09-30 20:40:16,https://robohash.org/aetullam.jpg?size=200x200&set=set1,SDTG328908H
S0584062,700,JAYNE,DEAVIN,DEARDEN,2522229240,jdearden3s@japanpost.jp,2015-03-17 01:58:42,https://robohash.org/sapienteveroatque.jpg?size=200x200&set=set1,NPOJ025734H
V5848580,489,ALINA,TIMCKE,SEXTON,8822476922,asexton3t@sphinn.com,2015-02-22 11:26:53,https://robohash.org/evenietmollitiahic.png?size=200x200&set=set1,ZNMV523897H
D2890207,43,NELIA,SOLLOWAYE,PRYKE,6341228334,npryke3u@sakura.ne.jp,2018-03-12 22:59:13,https://robohash.org/corruptialiquamvoluptate.bmp?size=200x200&set=set1,KJRV534493H
S4784518,10,LOVELL,JOREZ,KRUGMANN,3746528252,lkrugmann3v@ning.com,2015-05-11 12:15:00,https://robohash.org/quominimaab.jpg?size=200x200&set=set1,POMR908794H
L5422330,168,ARTEMAS,SHOEMARK,SHEPEARD,8918951177,ashepeard3w@mediafire.com,2015-03-23 00:05:12,https://robohash.org/inventoremaximesoluta.png?size=200x200&set=set1,RXET675329H
Z9672937,547,ARNE,CHARNICK,CHENG,3195721746,acheng3x@slideshare.net,2017-01-05 20:06:28,https://robohash.org/laudantiumdistinctiodolores.png?size=200x200&set=set1,CVAJ906709H
G9044985,213,PORT,MERRISSON,BRUYNS,2023567362,pbruyns3y@sciencedaily.com,2016-03-30 15:32:07,https://robohash.org/possimusdoloremvoluptas.png?size=200x200&set=set1,RTIH144470H
Y8250150,182,FLORIE,MARCHINGTON,OLEK,4065700229,folek3z@hatena.ne.jp,2016-02-25 10:36:59,https://robohash.org/teneturofficiaeos.png?size=200x200&set=set1,VLAC246309H
T6789684,504,SIBELLE,GRADLY,GRANSDEN,2028503904,sgransden40@fda.gov,2015-09-20 18:27:59,https://robohash.org/eosnamquod.bmp?size=200x200&set=set1,NVGS190241H
A8302346,796,HANNAH,HOLLIER,LYNDON,7874155377,hlyndon41@ftc.gov,2018-04-14 21:27:00,https://robohash.org/nobisipsamvel.png?size=200x200&set=set1,DBEE707728H
T0214389,712,FREDDY,DESORTS,MASSOW,7004303696,fmassow42@usnews.com,2018-07-20 23:06:05,https://robohash.org/quiautvoluptatem.bmp?size=200x200&set=set1,IOKA230884H
D0754777,293,BRAD,DRENNAN,RAY,6781509141,bray43@fotki.com,2017-05-17 09:21:40,https://robohash.org/mollitiautodit.png?size=200x200&set=set1,ZBSE855093H
R9687322,426,WANETA,HUCKLESBY,TOOLAN,3495527786,wtoolan44@github.com,2017-07-02 09:54:18,https://robohash.org/doloremquasiea.png?size=200x200&set=set1,JULL695921H
D7708376,336,CLO,STATHOR,SYLVESTER,1495304484,csylvester45@chronoengine.com,2015-09-17 14:07:17,https://robohash.org/accusamuseosomnis.bmp?size=200x200&set=set1,FMEU330234H
J3115019,101,GARRY,TOMASUTTI,WORSLEY,2412361807,gworsley46@4shared.com,2017-10-09 11:02:01,https://robohash.org/modinostrumoptio.bmp?size=200x200&set=set1,XMIB482798H
R4950408,231,ISADORA,SPRIGGING,THREADGOULD,1382188388,ithreadgould47@ask.com,2017-08-08 23:42:21,https://robohash.org/autemexpeditafuga.bmp?size=200x200&set=set1,JVMK626009H
C8973687,237,CORIE,ISTED,BROWNLEE,4629071151,cbrownlee48@newsvine.com,2015-07-28 01:56:19,https://robohash.org/laboriosamquivoluptas.jpg?size=200x200&set=set1,NWAT406371H
P8947301,676,PAULINA,SIMMONDS,ARMIN,1851602239,parmin49@skyrock.com,2017-03-16 13:37:47,https://robohash.org/sedmollitiamaiores.png?size=200x200&set=set1,UPDQ644996H
H7479713,130,HOBART,WHITLOW,FERRAROTTI,4667238231,hferrarotti4a@cnet.com,2018-11-05 05:53:44,https://robohash.org/excepturiipsumnecessitatibus.bmp?size=200x200&set=set1,MFZD998083H
P9564877,773,DORRY,MOUGIN,DARVILLE,5267185041,ddarville4b@google.ca,2015-01-25 01:36:12,https://robohash.org/eterrorex.jpg?size=200x200&set=set1,YQWP446497H
H6683946,333,SELINE,HUSSEY,GILLYETT,1716855089,sgillyett4c@freewebs.com,2018-11-02 11:20:36,https://robohash.org/etdoloreveniam.jpg?size=200x200&set=set1,HXNV220328H
L9240855,188,JESSELYN,BLOWFELDE,RUTLEDGE,9637199168,jrutledge4d@cbslocal.com,2016-05-13 02:02:22,https://robohash.org/temporedeseruntnecessitatibus.bmp?size=200x200&set=set1,SNXF607088H
O7245579,111,HARRIETTE,RUCKMAN,FIBBENS,4674658961,hfibbens4e@fc2.com,2016-10-06 08:30:22,https://robohash.org/asperioresetreiciendis.png?size=200x200&set=set1,QFRI185544H
T7706194,644,GLYN,DORIN,THURMAN,1109418749,gthurman4f@ted.com,2016-04-26 09:28:14,https://robohash.org/eligendidebitisculpa.jpg?size=200x200&set=set1,QPKS138757H
F7719356,683,DARDA,FRADSON,DEWDNEY,6725761871,ddewdney4g@topsy.com,2017-11-20 19:04:17,https://robohash.org/perspiciatisminusaperiam.jpg?size=200x200&set=set1,WZLX622793H
O8034736,265,ERICA,BOLLAND,GLENDENNING,6707891601,eglendenning4h@seattletimes.com,2017-05-21 17:20:41,https://robohash.org/totammodiqui.png?size=200x200&set=set1,FIOD550195H
J0781871,117,ELVIS,GOODAY,WHIPPLE,5495681416,ewhipple4i@virginia.edu,2015-12-21 20:44:35,https://robohash.org/fugiatdelenitiad.png?size=200x200&set=set1,IXLD123000H
D7719268,758,GUALTERIO,ORYS,ROLFE,7121078611,grolfe4j@networkadvertising.org,2016-05-02 22:54:08,https://robohash.org/quiadignissimosenim.jpg?size=200x200&set=set1,IAFW677630H
A5603514,431,BRIGIT,MACKIN,LIDBETTER,8316078659,blidbetter4k@ehow.com,2018-03-30 12:45:46,https://robohash.org/laborumestamet.bmp?size=200x200&set=set1,ENCJ462261H
X8417235,159,MAEGAN,ABLEWHITE,COURSON,7864266330,mcourson4l@plala.or.jp,2017-04-23 21:52:45,https://robohash.org/nequerepudiandaeamet.bmp?size=200x200&set=set1,NGPT701289H
G3681048,360,BAR,STARK,PADDELEY,5675878989,bpaddeley4m@dot.gov,2015-12-05 03:02:50,https://robohash.org/iurererumut.png?size=200x200&set=set1,VTOE223106H
W9860408,729,ANDIE,AMTHOR,BENGER,1203965212,abenger4n@vistaprint.com,2015-09-26 18:07:23,https://robohash.org/maiorestotamvelit.jpg?size=200x200&set=set1,AKEU374039H
X3808827,767,GRIFFIN,SHELLCROSS,TATCHELL,2046709081,gtatchell4o@themeforest.net,2018-03-18 05:10:04,https://robohash.org/autenimerror.bmp?size=200x200&set=set1,XBTH700423H
Z1078916,510,REINOLD,SCRIPTURE,MCKEGGIE,6009709094,rmckeggie4p@ihg.com,2015-08-22 06:26:55,https://robohash.org/veritatisiustoiure.jpg?size=200x200&set=set1,HMTT078487H
L2293248,66,CAROL-JEAN,TUNE,PHITTIPLACE,7418732817,cphittiplace4q@acquirethisname.com,2016-04-06 05:35:34,https://robohash.org/laboreliberofacilis.bmp?size=200x200&set=set1,KHDF048449H
C8031245,89,CHLOETTE,HEADINGTON,SIELY,4011080972,csiely4r@icio.us,2015-06-09 22:58:28,https://robohash.org/laboresuntenim.png?size=200x200&set=set1,QWJD340967H
H8197022,202,EL,MCCALUM,BINDING,3055951085,ebinding4s@cpanel.net,2018-02-17 10:09:49,https://robohash.org/providentadipiscideleniti.bmp?size=200x200&set=set1,GOVF888261H
N1353162,404,AMARGO,HENINGHEM,CARRELL,7243902571,acarrell4t@fc2.com,2018-09-28 02:31:13,https://robohash.org/harumsolutaet.jpg?size=200x200&set=set1,MCHY526478H
U8977491,364,BIRD,DAHMKE,WESSELL,4407517778,bwessell4u@ft.com,2015-06-19 17:26:48,https://robohash.org/omnissuscipitmagnam.jpg?size=200x200&set=set1,DTEB994251H
F4466837,724,CORABELLE,LINSTER,MOORTON,2436145103,cmoorton4v@umn.edu,2018-08-14 21:20:11,https://robohash.org/autsediusto.bmp?size=200x200&set=set1,ARCI552694H
E6086173,658,ANETTA,CATTELL,DAWNAY,6959843824,adawnay4w@webnode.com,2016-07-31 22:50:48,https://robohash.org/assumendavoluptatibusdolore.png?size=200x200&set=set1,DJIW940606H
A0742626,462,FIANN,LIEVESLEY,KULIS,2411439278,fkulis4x@jalbum.net,2016-08-20 03:30:32,https://robohash.org/istenemosunt.png?size=200x200&set=set1,NGQM774384H
V5369455,276,SABRA,BRESLAU,FROOME,4689298165,sfroome4y@goo.gl,2016-06-29 22:26:33,https://robohash.org/estdelectusunde.jpg?size=200x200&set=set1,VOKH210597H
H9848421,369,NETTLE,SAVATIER,PENBARTHY,4062067920,npenbarthy4z@themeforest.net,2017-11-17 08:13:16,https://robohash.org/dolorvoluptatemquia.jpg?size=200x200&set=set1,NKRH870517H
K1588455,420,BECKY,ORPEN,MONTEITH,6163847404,bmonteith50@multiply.com,2017-04-21 20:36:42,https://robohash.org/velitutdolorem.png?size=200x200&set=set1,RSLJ262529H
C9461956,117,JILLAYNE,SHEARD,CONSTANT,5051683522,jconstant51@dailymail.co.uk,2017-10-09 17:43:36,https://robohash.org/aliquidcupiditateearum.bmp?size=200x200&set=set1,WAFH131830H
R9182635,124,FRANZ,EMIG,WILBER,1742672531,fwilber52@chronoengine.com,2016-09-23 10:42:20,https://robohash.org/doloremautemest.png?size=200x200&set=set1,XNQR404103H
O2956213,165,ONEIDA,SAMART,MANUELI,4348778803,omanueli53@prlog.org,2016-06-08 21:39:23,https://robohash.org/quasiarchitectopariatur.jpg?size=200x200&set=set1,ZPZJ666966H
L7299586,291,MAISON,GRIGORONI,STRINGMAN,5811350037,mstringman54@google.pl,2018-01-14 17:39:45,https://robohash.org/iustoautlaborum.bmp?size=200x200&set=set1,NJKC777946H
Y3148415,246,SEUMAS,ARNLEY,TRUMAN,9176103260,struman55@surveymonkey.com,2017-02-11 15:18:26,https://robohash.org/autverorepellat.png?size=200x200&set=set1,FXLO310166H
W2011030,480,ARDENE,PUDGE,TOFFOLO,6312464524,atoffolo56@gravatar.com,2016-03-31 18:09:35,https://robohash.org/facilisvelaspernatur.bmp?size=200x200&set=set1,KLAR709789H
J5647839,21,ALTA,BATER,FIDELE,9955529685,afidele57@bandcamp.com,2015-07-01 06:36:34,https://robohash.org/estvoluptatequia.jpg?size=200x200&set=set1,KWUW199233H
K4059641,209,EMMALYNNE,STURROCK,CANTRELL,8465938148,ecantrell58@yandex.ru,2016-12-13 10:54:46,https://robohash.org/placeatarchitectoratione.bmp?size=200x200&set=set1,IYFP942101H
J1542269,527,THEO,ROOS,TIPLADY,8341722141,ttiplady59@ca.gov,2017-10-21 10:29:54,https://robohash.org/faceremollitianobis.png?size=200x200&set=set1,IIRA105690H
J0847748,449,EVANGELIN,STARMONT,FURMSTON,6808251752,efurmston5a@dailymail.co.uk,2017-06-07 02:55:50,https://robohash.org/dolorumeumet.jpg?size=200x200&set=set1,OJRV789120H
F1351270,311,DEWEY,BULLEYN,BABIN,4024219194,dbabin5b@army.mil,2018-06-19 13:04:51,https://robohash.org/evenietaddolores.png?size=200x200&set=set1,TKKX307794H
N6168026,276,FERNANDE,QUITTONDEN,PAGETT,2234858530,fpagett5c@e-recht24.de,2016-10-05 10:37:17,https://robohash.org/voluptatemliberorerum.jpg?size=200x200&set=set1,WFWK690019H
F2956967,695,BRANDER,VENESS,CREAVIN,9284970724,bcreavin5d@amazon.de,2015-08-19 03:05:11,https://robohash.org/deseruntperspiciatislibero.bmp?size=200x200&set=set1,OIQQ207732H
D9390764,114,JYOTI,ROBINETT,CHIEZE,7197510846,jchieze5e@unc.edu,2015-07-28 02:06:31,https://robohash.org/sintdignissimosut.bmp?size=200x200&set=set1,ZICQ946978H
U9938689,119,MISHA,MATANTSEV,MELDRUM,1389823789,mmeldrum5f@csmonitor.com,2016-05-21 10:34:45,https://robohash.org/doloreminmolestias.bmp?size=200x200&set=set1,
H2045357,428,ALEJANDRA,DUTCH,LEEDS,6457793098,aleeds5g@telegraph.co.uk,2015-02-02 21:02:06,https://robohash.org/perferendisconsequaturet.bmp?size=200x200&set=set1,
S0706013,109,COLLINE,GODARD,WILSON,4111507093,cwilson5h@jalbum.net,2018-09-13 06:32:52,https://robohash.org/idestquis.bmp?size=200x200&set=set1,
I2158003,153,TINA,BLACKHALL,POE,5714150977,tpoe5i@slashdot.org,2016-03-09 07:24:02,https://robohash.org/quibusdamreiciendiseligendi.bmp?size=200x200&set=set1,
R0017612,748,CLEMENT,HEIBEL,POOLMAN,8993927086,cpoolman5j@google.ca,2015-03-03 07:51:32,https://robohash.org/estadnam.bmp?size=200x200&set=set1,
I9838334,331,MENARD,ROSKELLEY,PALFRIE,4013024490,mpalfrie5k@w3.org,2015-05-26 07:29:37,https://robohash.org/exeosculpa.bmp?size=200x200&set=set1,
F8222090,582,TREVER,RAPLEY,BREHENY,2789701610,tbreheny5l@opensource.org,2016-02-16 05:45:16,https://robohash.org/assumendaomnisest.jpg?size=200x200&set=set1,
R4112123,181,KRYSTALLE,HARTRIDGE,DANILOVITCH,6406155556,kdanilovitch5m@mediafire.com,2015-09-13 04:22:50,https://robohash.org/reiciendismolestiaefugiat.jpg?size=200x200&set=set1,
W1922240,183,FABIO,BRAMAH,OADE,6759019421,foade5n@abc.net.au,2016-07-14 06:47:55,https://robohash.org/numquamdebitisminus.png?size=200x200&set=set1,
M3712356,760,ZOLLY,MANFORD,SHADDICK,7501693594,zshaddick5o@archive.org,2015-04-13 19:36:37,https://robohash.org/ducimusquiamaiores.png?size=200x200&set=set1,
X9719910,209,ARNI,FOYLE,ROWSTON,7637895579,arowston5p@theguardian.com,2016-11-08 18:35:59,https://robohash.org/doloressuntpariatur.jpg?size=200x200&set=set1,
T2002710,595,SHAUN,BLANDFORD,FALOON,3549961693,sfaloon5q@google.de,2015-05-03 22:43:50,https://robohash.org/exercitationemfugaomnis.jpg?size=200x200&set=set1,
E7190336,594,KINNY,BUSSON,CRADOC,8091946518,kcradoc5r@sourceforge.net,2016-11-24 16:31:38,https://robohash.org/sedquibusdamalias.png?size=200x200&set=set1,
M1220705,202,CONCHITA,FERNELEY,SCANES,5595036475,cscanes5s@fc2.com,2015-03-14 08:56:12,https://robohash.org/pariaturquiporro.bmp?size=200x200&set=set1,
T0576619,218,SHAYLA,LANFRANCONI,PAUNSFORD,3486422815,spaunsford5t@wsj.com,2018-03-16 03:27:21,https://robohash.org/aperiamquinobis.jpg?size=200x200&set=set1,
L1070587,112,GASPARD,HRYCEK,DANIELY,2725208326,gdaniely5u@a8.net,2018-09-27 01:49:29,https://robohash.org/distinctioconsequaturconsequatur.png?size=200x200&set=set1,
P1389222,26,ARDELLE,GRUMBLE,MERRETT,5676040053,amerrett5v@slate.com,2016-02-21 20:01:52,https://robohash.org/nullaperspiciatisillo.bmp?size=200x200&set=set1,
Z5503163,560,SAREE,HOVINGTON,AUBIN,9402075966,saubin5w@dailymail.co.uk,2018-02-26 10:01:53,https://robohash.org/occaecatiblanditiisaut.jpg?size=200x200&set=set1,
X4870603,403,JESSA,CURLESS,ELCOAT,5496080848,jelcoat5x@hhs.gov,2016-07-04 15:33:55,https://robohash.org/animiofficiaqui.jpg?size=200x200&set=set1,
M7294031,504,HERRICK,CUFF,GEROK,7093621848,hgerok5y@ask.com,2018-06-06 03:01:29,https://robohash.org/teneturminimaincidunt.jpg?size=200x200&set=set1,
J7876407,582,GODIVA,LATTOS,MACVICAR,6877099404,gmacvicar5z@infoseek.co.jp,2016-10-04 20:30:54,https://robohash.org/idsedquis.bmp?size=200x200&set=set1,
A7656399,381,LINZY,PERFORD,BUNTINE,8206174693,lbuntine60@nbcnews.com,2017-09-11 19:59:51,https://robohash.org/culpasuntmaiores.bmp?size=200x200&set=set1,
Y3415472,466,KALLI,PARADIS,WARDINGTON,7302265448,kwardington61@networkadvertising.org,2017-11-01 23:14:39,https://robohash.org/nonlaboriosamquas.jpg?size=200x200&set=set1,
O0082772,451,MINNAMINNIE,DRAKE,BEAUMENT,6419616706,mbeaument62@eepurl.com,2015-10-12 00:26:34,https://robohash.org/doloremquedelenitiquod.bmp?size=200x200&set=set1,
H0165562,103,GARRARD,WOOF,FORO,5954000318,gforo63@sfgate.com,2015-01-19 10:14:01,https://robohash.org/consequunturipsumab.jpg?size=200x200&set=set1,
P4307853,147,AILSUN,CASELLI,MCMANAMAN,8233618161,amcmanaman64@youtu.be,2016-10-09 18:41:49,https://robohash.org/etremminus.bmp?size=200x200&set=set1,
C4673480,289,RACHEL,DUTSON,PILCHER,4956893851,rpilcher65@delicious.com,2016-07-09 00:57:43,https://robohash.org/estrerumminima.png?size=200x200&set=set1,
B9044846,645,HENDRIK,BYGRAVES,DRUST,8927139365,hdrust66@washington.edu,2018-11-04 05:16:44,https://robohash.org/sapienterepellatnobis.png?size=200x200&set=set1,
B0550143,700,CURRY,CHAMPNEYS,KEEPIN,3482899725,ckeepin67@liveinternet.ru,2015-05-14 12:52:40,https://robohash.org/suntveritatisest.jpg?size=200x200&set=set1,
Z9323820,384,KEEFER,PLINCK,GRZEGORZEWICZ,7401925009,kgrzegorzewicz68@unesco.org,2016-12-30 13:26:56,https://robohash.org/namveldicta.png?size=200x200&set=set1,
J6804147,342,CHELSAE,STRONACK,BILLSBERRY,9039800090,cbillsberry69@npr.org,2015-05-19 11:57:34,https://robohash.org/autematqueplaceat.bmp?size=200x200&set=set1,
N6205796,180,ANNETTE,MACMARCUIS,OLIVIE,2889383397,aolivie6a@vk.com,2015-05-20 22:53:27,https://robohash.org/quienimad.bmp?size=200x200&set=set1,
M4722304,179,HUGUES,PURSELOW,AHEARNE,2879238782,hahearne6b@fc2.com,2016-02-26 04:26:09,https://robohash.org/accusamusipsanumquam.bmp?size=200x200&set=set1,
V4867736,695,DENYS,HEARLEY,CARLON,8822376381,dcarlon6c@imageshack.us,2016-01-31 10:46:22,https://robohash.org/consequaturlaboreest.jpg?size=200x200&set=set1,
W9219398,465,FREDERICKA,BEW,BURRILL,7309872139,fburrill6d@dyndns.org,2017-01-04 06:27:12,https://robohash.org/etetaut.bmp?size=200x200&set=set1,
O9659889,187,ELAYNE,BONIFACIO,STRONGITHARM,2116214324,estrongitharm6e@webmd.com,2018-12-06 07:58:49,https://robohash.org/remeosminus.png?size=200x200&set=set1,
A7989945,650,CORENA,HALL-GOUGH,LE HOUX,4018941605,clehoux6f@naver.com,2018-01-29 15:51:32,https://robohash.org/quomolestiaeest.jpg?size=200x200&set=set1,
F7966880,408,BRENDON,WITHERINGTON,ALSTEAD,8898622148,balstead6g@ebay.co.uk,2016-08-04 15:26:54,https://robohash.org/aspernaturutunde.jpg?size=200x200&set=set1,
Z9369482,109,MARTIN,TINCOMBE,ALLANBY,4647720707,mallanby6h@globo.com,2016-04-16 09:02:42,https://robohash.org/idplaceatquas.bmp?size=200x200&set=set1,
E5434610,784,EUSTACIA,DUELL,SZYMANOWSKI,4137239271,eszymanowski6i@nydailynews.com,2017-05-22 10:52:26,https://robohash.org/assumendaminimaquisquam.bmp?size=200x200&set=set1,
O3868627,106,MATHIAS,STEEL,POLENDINE,8776205681,mpolendine6j@hatena.ne.jp,2015-04-24 06:28:09,https://robohash.org/inciduntpraesentiumrepellat.bmp?size=200x200&set=set1,
S0814313,245,TERRI-JO,KNAPPETT,CHATTAWAY,5633802627,tchattaway6k@gmpg.org,2018-09-25 14:41:50,https://robohash.org/consequaturetmolestias.jpg?size=200x200&set=set1,
U6244288,453,PINCHAS,STOLTING,GREW,3364068376,pgrew6l@domainmarket.com,2018-01-08 08:01:07,https://robohash.org/inullamvoluptatem.bmp?size=200x200&set=set1,
O7974606,141,MACKENZIE,SIDNELL,TOMASZEWICZ,7386808814,mtomaszewicz6m@ucoz.ru,2015-03-18 19:59:02,https://robohash.org/laudantiumporroprovident.bmp?size=200x200&set=set1,
H1933968,471,ANGELI,GORMAN,GURYS,5349290655,agurys6n@google.ca,2017-07-08 16:36:40,https://robohash.org/adipiscisequiconsectetur.png?size=200x200&set=set1,
M8222143,79,DELLY,BAREHEAD,SKIRROW,9327251904,dskirrow6o@yelp.com,2015-09-13 18:57:55,https://robohash.org/etvelitet.bmp?size=200x200&set=set1,
I1105205,194,PINCHAS,SOPPITT,GENDRICH,1465159695,pgendrich6p@cdbaby.com,2015-12-24 17:27:06,https://robohash.org/quivelitin.bmp?size=200x200&set=set1,
F0804131,495,REBECA,GASNOLL,LAPERE,8319587646,rlapere6q@ox.ac.uk,2016-02-21 08:42:51,https://robohash.org/dictautomnis.jpg?size=200x200&set=set1,
F5448751,361,FELIZIO,GHERARDESCI,CULLIP,3459652330,fcullip6r@blog.com,2017-08-26 09:03:41,https://robohash.org/quisquamtemporanon.bmp?size=200x200&set=set1,
S8355153,408,MARGY,MIDDLEMIST,GOACHER,1095208800,mgoacher6s@geocities.com,2018-03-15 09:26:50,https://robohash.org/harumsuscipitest.jpg?size=200x200&set=set1,
M9200738,658,BETTINE,CONYBEAR,STIRLAND,4004481549,bstirland6t@prnewswire.com,2017-04-20 19:01:07,https://robohash.org/aperiamnisitempore.png?size=200x200&set=set1,
Z6036890,281,BREN,NEWCOMBE,DI FRANCESCHI,1735435653,bdifranceschi6u@npr.org,2016-06-10 15:18:30,https://robohash.org/ameteumomnis.png?size=200x200&set=set1,
D1747876,91,CAL,GILLIGAN,ARRANDALE,6034976791,carrandale6v@engadget.com,2016-07-04 17:16:39,https://robohash.org/numquamquasaliquam.png?size=200x200&set=set1,
I2038732,382,LINELL,JANSON,COWGILL,7944682412,lcowgill6w@google.cn,2016-11-05 14:57:58,https://robohash.org/utatquo.bmp?size=200x200&set=set1,
D7429332,715,VASILI,LISCIANDRI,RUSH,9395127746,vrush6x@jalbum.net,2016-06-17 12:46:03,https://robohash.org/officiisvoluptasrepudiandae.jpg?size=200x200&set=set1,
W5225476,226,ALTA,MONGER,GLADWIN,3484447455,agladwin6y@weibo.com,2016-12-24 16:36:07,https://robohash.org/sequiprovidentnemo.png?size=200x200&set=set1,
S0092691,741,ADELAIDE,DANZELMAN,DANSLOW,8333410127,adanslow6z@harvard.edu,2018-04-26 19:10:00,https://robohash.org/quamenimeaque.bmp?size=200x200&set=set1,
N4128835,535,CONAN,PACHMANN,ROSENBLOOM,5336300796,crosenbloom70@newyorker.com,2018-06-23 07:40:28,https://robohash.org/doloremestarchitecto.jpg?size=200x200&set=set1,
Z6940631,650,LYLE,WALLWORK,LEATES,4791973228,lleates71@paypal.com,2016-06-23 16:43:06,https://robohash.org/solutaametcorporis.jpg?size=200x200&set=set1,
S9593492,528,WINSLOW,MCFADYEN,SWYNFEN,5676797658,wswynfen72@indiegogo.com,2016-08-27 01:44:11,https://robohash.org/reprehenderitmaiorescumque.bmp?size=200x200&set=set1,
E2928819,524,MARGA,PRATER,FARDOE,5424857621,mfardoe73@google.it,2015-04-28 09:44:41,https://robohash.org/autbeataeet.png?size=200x200&set=set1,
N7414448,347,DEVINA,CUNDEY,LEUTY,1684313424,dleuty74@prweb.com,2016-08-28 15:15:13,https://robohash.org/quialaborevoluptas.png?size=200x200&set=set1,
B3534161,132,DIANNA,GAYTON,FLIPPEN,2969407834,dflippen75@icio.us,2018-11-30 03:57:56,https://robohash.org/doloreeaitaque.jpg?size=200x200&set=set1,
B1676272,602,VERE,NOAR,BINNES,5808892238,vbinnes76@wunderground.com,2017-01-11 11:59:31,https://robohash.org/voluptateminventoreet.png?size=200x200&set=set1,
Z0347452,118,LISE,MUFFORD,KAMENA,3462122148,lkamena77@huffingtonpost.com,2015-01-15 14:43:01,https://robohash.org/ducimuspossimusnemo.jpg?size=200x200&set=set1,
E6547908,308,ANDREJ,TOWLL,POCKNOLL,6546399971,apocknoll78@marriott.com,2017-01-01 08:11:50,https://robohash.org/nequequiavelit.bmp?size=200x200&set=set1,
H2988597,352,CHRISSIE,MUCCI,NEADS,4755310410,cneads79@cisco.com,2017-02-10 23:31:44,https://robohash.org/fugitassumendanesciunt.bmp?size=200x200&set=set1,
C6465239,654,ALOIN,MCMORLAND,BROADFOOT,4658213574,abroadfoot7a@surveymonkey.com,2018-06-23 09:31:40,https://robohash.org/facilisvelitomnis.png?size=200x200&set=set1,
D8622022,791,GLENDON,DANDIE,DE BLASIIS,4174639386,gdeblasiis7b@newyorker.com,2015-03-07 23:55:59,https://robohash.org/reprehenderitremlaudantium.jpg?size=200x200&set=set1,
Q9933647,738,RILEY,BRIDGMAN,OLD,6874971874,rold7c@cyberchimps.com,2017-10-20 03:23:03,https://robohash.org/quiinaut.bmp?size=200x200&set=set1,
X8125872,351,NORMAN,VOISEY,BAMPKIN,4425353392,nbampkin7d@so-net.ne.jp,2017-04-15 06:47:11,https://robohash.org/autdoloremfacere.bmp?size=200x200&set=set1,
C1452511,627,LEMAR,MCINILITY,SILVERTON,2854034523,lsilverton7e@engadget.com,2018-10-14 05:22:29,https://robohash.org/aututomnis.bmp?size=200x200&set=set1,
A3053667,469,DORIAN,VERNALLS,MACFADZEAN,2875840828,dmacfadzean7f@whitehouse.gov,2015-09-28 11:06:22,https://robohash.org/quodoccaecatinatus.png?size=200x200&set=set1,
I0997705,309,ABBI,GRAYSHAN,DASKIEWICZ,8655471648,adaskiewicz7g@baidu.com,2016-07-20 06:57:23,https://robohash.org/impeditestperferendis.bmp?size=200x200&set=set1,
L6440761,735,PEG,GOOKEY,ARDRON,7284055813,pardron7h@simplemachines.org,2018-01-25 15:28:39,https://robohash.org/etpossimusquo.jpg?size=200x200&set=set1,
N1454460,470,AGUIE,LICCIARDELLO,TIDSWELL,4001904984,atidswell7i@arstechnica.com,2018-01-07 06:31:45,https://robohash.org/utquiin.bmp?size=200x200&set=set1,
T4792352,698,MISHA,SHIRD,BERRISFORD,8231268659,mberrisford7j@mapy.cz,2015-03-28 13:59:48,https://robohash.org/adipiscioccaecatiet.bmp?size=200x200&set=set1,
N0357607,204,DAMIAN,DINGATE,JEWEL,9887050003,djewel7k@reuters.com,2018-03-20 04:15:26,https://robohash.org/natusquasdoloremque.jpg?size=200x200&set=set1,
A1755599,683,GARLAND,FELLOWES,PREGEL,7974640527,gpregel7l@kickstarter.com,2015-04-15 20:29:26,https://robohash.org/beataevelcorrupti.bmp?size=200x200&set=set1,
S9134290,135,RUDOLFO,CASH,LAPPINE,3517088898,rlappine7m@dropbox.com,2017-06-20 21:50:40,https://robohash.org/repellatoditpraesentium.png?size=200x200&set=set1,
G2636896,279,MART,SHUTE,COPNAR,1017569947,mcopnar7n@indiatimes.com,2016-06-07 17:37:53,https://robohash.org/voluptasabadipisci.jpg?size=200x200&set=set1,
M8979050,688,RANDY,BENDIG,ATTERBURY,6076288815,ratterbury7o@oakley.com,2018-11-08 04:19:45,https://robohash.org/consequatureapossimus.png?size=200x200&set=set1,
Q2424945,776,CLEMENCE,MACASKILL,SIMPOLE,7871402786,csimpole7p@ehow.com,2016-08-18 20:39:04,https://robohash.org/nostrumcumqueeligendi.bmp?size=200x200&set=set1,
M6968246,38,ALICA,SMYTH,WENZEL,5457283917,awenzel7q@yellowpages.com,2016-03-05 12:21:28,https://robohash.org/voluptatemsedmodi.png?size=200x200&set=set1,
I0924654,645,EVANGELINE,IACOVELLI,PORTCH,5189068556,eportch7r@businessinsider.com,2016-12-07 14:37:39,https://robohash.org/aliasutesse.jpg?size=200x200&set=set1,
N9871838,206,RICKIE,MCKIMMIE,HASEL,6846768907,rhasel7s@1und1.de,2018-07-21 07:43:46,https://robohash.org/exercitationemuttempora.png?size=200x200&set=set1,
F3256549,73,KIZZIE,LEATHWOOD,COLEY,2144288589,kcoley7t@shutterfly.com,2015-01-07 01:00:57,https://robohash.org/cumquevoluptateoccaecati.bmp?size=200x200&set=set1,
I2482188,737,JULIE,SMAIL,ORRO,3013721454,jorro7u@odnoklassniki.ru,2016-04-20 21:45:41,https://robohash.org/saepesequiut.bmp?size=200x200&set=set1,
J0755190,130,VIVYANNE,ANDREAS,ZUPO,7868812847,vzupo7v@accuweather.com,2017-10-25 04:01:18,https://robohash.org/inventoreestcum.png?size=200x200&set=set1,
B6299382,776,BRYANTY,ETHERINGTON,CLEMOES,7399990079,bclemoes7w@blogs.com,2015-11-12 08:12:57,https://robohash.org/eiusmagnammolestiae.png?size=200x200&set=set1,
Y8201102,335,DULSEA,RIGLESFORD,MEADEN,9435693698,dmeaden7x@jugem.jp,2018-10-12 08:47:20,https://robohash.org/eiusexpeditavoluptas.png?size=200x200&set=set1,
R4786401,155,CYNDY,BONHOMME,GARTHSIDE,7193732848,cgarthside7y@netscape.com,2016-05-31 04:14:13,https://robohash.org/nonetvoluptatem.bmp?size=200x200&set=set1,
V5980525,754,FRANKLIN,ASHER,RAFTER,7842150308,frafter7z@example.com,2018-06-28 10:20:25,https://robohash.org/autfacilissunt.bmp?size=200x200&set=set1,
A4920351,14,ELYSHA,SANDEVER,ORBELL,6571167719,eorbell80@nsw.gov.au,2015-04-26 03:02:17,https://robohash.org/voluptatumautnobis.png?size=200x200&set=set1,
U2369142,447,SEKA,FELLOS,YAKUNTZOV,4889302181,syakuntzov81@tmall.com,2016-06-16 01:25:27,https://robohash.org/nisiadipisciomnis.jpg?size=200x200&set=set1,
U6135314,712,JAIMIE,RUPRECHTER,BUGG,4692561091,jbugg82@jiathis.com,2015-02-22 11:12:09,https://robohash.org/quiavoluptateconsequatur.jpg?size=200x200&set=set1,
Z0919297,485,TIMOTHY,PARSONAGE,JIRACEK,1704270700,tjiracek83@home.pl,2017-10-27 00:47:08,https://robohash.org/beataevoluptatemasperiores.bmp?size=200x200&set=set1,
M7907723,500,GRETTA,RADDON,JAEGAR,8122318788,gjaegar84@newsvine.com,2016-02-20 11:45:09,https://robohash.org/quimagnampossimus.jpg?size=200x200&set=set1,
F3644392,470,SAWYERE,MCGONAGLE,MINARD,5121618518,sminard85@google.com.hk,2016-08-07 23:37:48,https://robohash.org/voluptateautemlaboriosam.png?size=200x200&set=set1,
K7728288,747,BABBIE,BONDAR,TOLLAND,4658929891,btolland86@alexa.com,2017-05-31 22:07:53,https://robohash.org/officiislaborumnisi.jpg?size=200x200&set=set1,
I7238837,284,SHURWOOD,SPERSKI,GOVAN,5897691542,sgovan87@tinypic.com,2015-10-17 03:56:52,https://robohash.org/velatquevoluptatum.jpg?size=200x200&set=set1,
K8699003,472,APRILETTE,JILLITT,BIGNOLD,1782126311,abignold88@pagesperso-orange.fr,2015-01-24 10:29:29,https://robohash.org/etsaepefugiat.png?size=200x200&set=set1,
J7015338,318,LELAND,BILLETT,STARES,4678598210,lstares89@storify.com,2018-04-26 12:26:44,https://robohash.org/iustoabeos.bmp?size=200x200&set=set1,
T7417339,63,ISADORA,LOWTHORPE,EVENDEN,7566306984,ievenden8a@devhub.com,2016-07-02 14:30:18,https://robohash.org/porrodolormollitia.bmp?size=200x200&set=set1,
V3063821,732,ADAN,RAIGATT,WORMS,9677742768,aworms8b@ucoz.com,2018-05-22 03:46:04,https://robohash.org/quiaquisveritatis.jpg?size=200x200&set=set1,
H6298380,674,CHRISTA,OSMON,BELLOWS,4986147649,cbellows8c@pbs.org,2016-08-08 08:28:12,https://robohash.org/quaeratdictavoluptate.jpg?size=200x200&set=set1,
B2749127,672,RICKIE,ASHMOLE,TRENBAY,2397987998,rtrenbay8d@google.com.br,2017-10-20 02:33:46,https://robohash.org/expeditaodiodistinctio.bmp?size=200x200&set=set1,
E0528789,525,SHANA,PETRASSO,MOLINEUX,5092146457,smolineux8e@redcross.org,2015-03-24 10:51:51,https://robohash.org/autnamquo.bmp?size=200x200&set=set1,
R8737319,757,SHERYL,ORSMAN,LARKCUM,9882666179,slarkcum8f@ucla.edu,2016-10-26 23:53:15,https://robohash.org/quibusdamdistinctiovoluptatem.png?size=200x200&set=set1,
E8761635,34,WINN,PINWILL,PRATLEY,4464963764,wpratley8g@free.fr,2017-03-15 00:29:24,https://robohash.org/earumveritatisporro.jpg?size=200x200&set=set1,
V1902379,167,CELINA,FASHION,GWYLLT,9224497279,cgwyllt8h@merriam-webster.com,2016-05-19 06:37:56,https://robohash.org/consequaturetvelit.bmp?size=200x200&set=set1,
M9652001,14,GABIE,TRAISE,BRETTELL,8407243909,gbrettell8i@bloglovin.com,2016-05-19 18:15:09,https://robohash.org/omnisharumcommodi.jpg?size=200x200&set=set1,
B6028600,603,CRISTAL,GILBURT,DELUCA,7734353946,cdeluca8j@ucsd.edu,2018-02-01 06:06:55,https://robohash.org/autetquis.jpg?size=200x200&set=set1,
U4449705,221,ROSA,CAMPA,ABRAHMER,5637026840,rabrahmer8k@blinklist.com,2018-07-03 21:45:26,https://robohash.org/sintassumendadeleniti.jpg?size=200x200&set=set1,
Y6446845,771,ARLETTE,BACCUS,MOLLISON,2432614032,amollison8l@jimdo.com,2018-02-10 10:48:38,https://robohash.org/nisinumquamest.bmp?size=200x200&set=set1,
K4202609,632,ABIE,SMARDON,OLPIN,8228231807,aolpin8m@yelp.com,2015-12-20 09:04:36,https://robohash.org/temporelaudantiumofficia.jpg?size=200x200&set=set1,
A7854700,381,STEFAN,PERON,TRUSTEY,5336952229,strustey8n@answers.com,2015-11-15 20:39:46,https://robohash.org/quidemrepellendusmodi.bmp?size=200x200&set=set1,
S7554505,74,MARISSA,ZORRO,PYZER,4937627282,mpyzer8o@yelp.com,2018-07-06 00:52:38,https://robohash.org/impeditetmodi.bmp?size=200x200&set=set1,
N5232714,157,LEUPOLD,SMOLAN,HEINTSCH,4762069590,lheintsch8p@earthlink.net,2016-11-20 09:37:23,https://robohash.org/perspiciatisfuganihil.png?size=200x200&set=set1,
R0346220,458,DUDLEY,MINGARD,COTTER,3076017013,dcotter8q@time.com,2015-06-06 09:51:35,https://robohash.org/hicautut.jpg?size=200x200&set=set1,
A4770584,131,STESHA,OTTERWELL,AMBROZIK,9878783042,sambrozik8r@mail.ru,2015-11-07 13:10:50,https://robohash.org/ipsumutodit.bmp?size=200x200&set=set1,
A4770580,134,ADRIANNE,DE CAVILLE,BOIK,7833693511,aboik8s@yellowbook.com,2016-10-19 03:13:35,https://robohash.org/consequaturanimidolor.png?size=200x200&set=set1,
H0222553,49,LELAH,WITHUR,MORDAUNT,2833398693,lmordaunt8t@hhs.gov,2016-07-20 17:32:19,https://robohash.org/ettemporibusrerum.jpg?size=200x200&set=set1,
P7668530,162,AIDA,BARTEN,HANSELMAN,4749295570,ahanselman8u@wikimedia.org,2016-09-03 18:40:49,https://robohash.org/voluptatemquamqui.bmp?size=200x200&set=set1,
J7460617,103,SILVANA,SKUNES,NELLEN,1916309727,snellen8v@omniture.com,2017-11-25 03:43:06,https://robohash.org/voluptatemiustoquia.bmp?size=200x200&set=set1,
Z6122482,264,PATRICE,ROTHAM,STRUIJS,9707594767,pstruijs8w@instagram.com,2016-04-01 21:25:03,https://robohash.org/praesentiumnemoexcepturi.png?size=200x200&set=set1,
E6562225,681,LYN,CRISTOU,EXER,9776896545,lexer8x@berkeley.edu,2018-03-11 19:59:20,https://robohash.org/temporesitsit.png?size=200x200&set=set1,
B5737011,148,MALORY,BRAEMER,SIVIOUR,3949201225,msiviour8y@sfgate.com,2017-04-02 04:06:16,https://robohash.org/eteligendivoluptatem.bmp?size=200x200&set=set1,
W8113810,450,NEALL,STURGES,BRODY,7277043016,nbrody8z@paginegialle.it,2015-09-10 00:20:46,https://robohash.org/etliberoperspiciatis.png?size=200x200&set=set1,
A2830523,95,PINCHAS,GURDEN,HIORN,4327896268,phiorn90@gnu.org,2016-01-26 01:14:31,https://robohash.org/quiscommodisint.png?size=200x200&set=set1,
M2520051,142,DACIE,HUBBARD,BENSUSAN,7998954904,dbensusan91@huffingtonpost.com,2017-02-27 08:28:48,https://robohash.org/maioresquasalias.jpg?size=200x200&set=set1,
H2622342,355,GIBB,VAILLANT,KROLLE,9993114185,gkrolle92@spiegel.de,2018-12-09 13:44:33,https://robohash.org/quidemnonblanditiis.png?size=200x200&set=set1,
S9107826,60,OFELIA,PISCOPELLO,MELTETAL,1005763889,omeltetal93@wp.com,2018-12-10 14:48:31,https://robohash.org/aspernaturcumquealiquam.bmp?size=200x200&set=set1,
T9388864,179,CHARMAINE,FLOYD,JEWAR,9072716105,cjewar94@loc.gov,2017-10-05 02:36:27,https://robohash.org/saepelaboreinventore.png?size=200x200&set=set1,
B4855470,619,INGEMAR,NEYLON,BURDER,5029964988,iburder95@addthis.com,2017-06-15 05:47:42,https://robohash.org/veritatislaboriosamperspiciatis.jpg?size=200x200&set=set1,
G2051457,575,EMYLEE,HALLETT,KENEALY,2701969648,ekenealy96@tiny.cc,2015-03-23 05:15:16,https://robohash.org/nemoquaset.png?size=200x200&set=set1,
J7433968,775,TAMRA,MARINI,GALLANDERS,4577816207,tgallanders97@google.pl,2015-06-13 17:42:15,https://robohash.org/aestcumque.jpg?size=200x200&set=set1,
O1137121,212,MORNA,MCKEW,CODI,5436232222,mcodi98@soup.io,2017-07-06 11:39:13,https://robohash.org/architectocupiditateea.jpg?size=200x200&set=set1,
T8556141,668,HENRIE,COBBALD,STAFF,2873899822,hstaff99@samsung.com,2017-08-02 01:31:52,https://robohash.org/illorepellenduset.jpg?size=200x200&set=set1,
Q6237060,360,NILES,HINDER,LEFTLY,4545447957,nleftly9a@jugem.jp,2018-11-13 07:11:40,https://robohash.org/illofugitquaerat.bmp?size=200x200&set=set1,
H6950867,85,KIRBY,LIDIERTH,TIFFNEY,6092977403,ktiffney9b@youtube.com,2015-07-15 09:12:56,https://robohash.org/nullasaepereiciendis.bmp?size=200x200&set=set1,
I1403994,271,DELORIA,FANCOTT,RAFTER,6998922170,drafter9c@dell.com,2018-05-04 03:58:55,https://robohash.org/voluptatemitaqueaut.png?size=200x200&set=set1,
W3436428,63,BARD,DUBOSE,KORPOLAK,6841911784,bkorpolak9d@gnu.org,2017-06-17 06:51:34,https://robohash.org/asperiorescorruptisequi.png?size=200x200&set=set1,
F4190646,239,LUCIAS,LONDON,BECARIS,8786915073,lbecaris9e@indiatimes.com,2017-12-21 14:32:03,https://robohash.org/sitnonprovident.jpg?size=200x200&set=set1,
L3446175,137,JORGAN,YEABSLEY,HUSSY,1935911682,jhussy9f@wikipedia.org,2017-01-29 07:41:19,https://robohash.org/illumassumendaveniam.jpg?size=200x200&set=set1,
I5523638,16,FLORINDA,BOUNDE,FEARNLEY,4755217765,ffearnley9g@wordpress.com,2018-06-16 19:16:34,https://robohash.org/pariaturisteeaque.png?size=200x200&set=set1,
O6789003,173,DOMINIQUE,CLOUGHER,LANGE,8239450984,dlange9h@usda.gov,2018-09-20 15:58:18,https://robohash.org/laudantiumetrem.png?size=200x200&set=set1,
W4970231,586,BORDEN,BREEN,LUMBLEY,2952199856,blumbley9i@craigslist.org,2018-07-07 17:27:57,https://robohash.org/ametrerumtenetur.png?size=200x200&set=set1,
I6869538,758,BIRGITTA,HENDRIKSEN,BURCHMORE,4839697209,bburchmore9j@zdnet.com,2018-10-08 21:24:35,https://robohash.org/placeatautet.bmp?size=200x200&set=set1,
J8178148,77,ELENORE,JEANEQUIN,BLUE,2311716090,eblue9k@smugmug.com,2017-08-09 12:18:04,https://robohash.org/ullamenimquisquam.png?size=200x200&set=set1,
D6491056,480,LAZARO,SIMIC,STRASSE,2664694902,lstrasse9l@sun.com,2016-05-31 22:43:22,https://robohash.org/rationeerroret.bmp?size=200x200&set=set1,
F4366433,582,PAULIE,SOLDNER,GROUER,3119945439,pgrouer9m@alibaba.com,2015-05-09 09:59:46,https://robohash.org/etanimised.jpg?size=200x200&set=set1,
G3673800,54,INESITA,MOWEN,BEYNKE,7452799755,ibeynke9n@java.com,2018-11-27 15:41:51,https://robohash.org/aliquidperferendisenim.bmp?size=200x200&set=set1,
I1757020,683,FARR,FILOV,PHILLIP,3281409324,fphillip9o@nationalgeographic.com,2016-08-03 02:19:15,https://robohash.org/idquodenim.jpg?size=200x200&set=set1,
V1989685,800,RICARDO,SCROWBY,COCKLEY,3035516,rcockley9p@themeforest.net,2018-03-25 22:46:36,https://robohash.org/inciduntquilaborum.png?size=200x200&set=set1,
Q2021852,218,BAB,VAN DER MERWE,ELSMOR,2517766324,belsmor9q@thetimes.co.uk,2016-03-12 14:05:24,https://robohash.org/expeditavoluptasenim.bmp?size=200x200&set=set1,
X2089471,693,GUIDO,SLYMAN,ZELLEY,5261628755,gzelley9r@google.co.jp,2015-10-09 06:35:26,https://robohash.org/etrecusandaearchitecto.jpg?size=200x200&set=set1,
Z5809903,737,BUFFY,VAN DAALEN,POWER,9402792100,bpower9s@gov.uk,2016-01-04 15:24:58,https://robohash.org/aarchitectosoluta.bmp?size=200x200&set=set1,
M8832715,703,ULRIKE,MADELEY,KNATT,5056637013,uknatt9t@merriam-webster.com,2016-06-09 06:51:35,https://robohash.org/accusamuseaqueaut.jpg?size=200x200&set=set1,
R7122920,371,SIDNEY,RUPPERTZ,ESCOFFREY,6947369923,sescoffrey9u@cbc.ca,2016-01-05 23:09:22,https://robohash.org/eligendilaborumsed.jpg?size=200x200&set=set1,
T6334034,378,TUCK,BORGNE,BLANKETT,7011029217,tblankett9v@xinhuanet.com,2017-05-06 22:32:05,https://robohash.org/quiautitaque.jpg?size=200x200&set=set1,
K2070726,561,HORACIO,BACHELOR,GREENFIELD,1429721410,hgreenfield9w@opensource.org,2018-09-15 06:19:55,https://robohash.org/nemominusex.bmp?size=200x200&set=set1,
T4441427,448,FREDRIKA,WITUL,DAVIDOWICH,6762944462,fdavidowich9x@virginia.edu,2016-04-26 01:23:05,https://robohash.org/eiussintsit.png?size=200x200&set=set1,
G8301122,507,AURORE,SCANE,KIBBEE,8047060257,akibbee9y@foxnews.com,2016-02-03 19:42:04,https://robohash.org/nonsitquia.bmp?size=200x200&set=set1,
T1458417,419,PEARL,VERNHAM,MANNOCK,9951645746,pmannock9z@ted.com,2016-12-24 08:08:41,https://robohash.org/fugiatblanditiisea.jpg?size=200x200&set=set1,
A0506795,490,CHRISTIE,SHEAF,FRANKUM,4208110871,cfrankuma0@nasa.gov,2018-12-04 17:08:30,https://robohash.org/nonsitlaborum.bmp?size=200x200&set=set1,
Z1633251,775,MILLER,QUIDDINGTON,DOWBEKIN,6769665550,mdowbekina1@mediafire.com,2015-11-19 03:37:24,https://robohash.org/autettenetur.bmp?size=200x200&set=set1,
H1425511,8,KRISTEL,LOUGHEED,CANDWELL,5883257293,kcandwella2@sogou.com,2017-10-15 05:21:05,https://robohash.org/consequaturetipsam.png?size=200x200&set=set1,
M1383176,130,MAURA,ESMONDE,CORRADESCHI,1662574162,mcorradeschia3@joomla.org,2015-08-14 13:21:42,https://robohash.org/eaquelaboriosamconsequatur.jpg?size=200x200&set=set1,
E7215980,666,POLLY,LIGERTWOOD,ABRAHAMS,2588997314,pabrahamsa4@stumbleupon.com,2015-12-11 18:34:48,https://robohash.org/doloresdolorumnecessitatibus.jpg?size=200x200&set=set1,
R5276928,664,JOSEE,RANNELLS,FARFOLOMEEV,1202667821,jfarfolomeeva5@time.com,2018-11-22 10:51:10,https://robohash.org/etconsequaturnatus.jpg?size=200x200&set=set1,
Z6851100,738,COURTENAY,KHARCHINSKI,TATHACOTT,8122860352,ctathacotta6@xrea.com,2017-02-16 10:41:05,https://robohash.org/perspiciatissednemo.jpg?size=200x200&set=set1,
C4296685,426,TWYLA,VALERIO,CERVANTES,2089792850,tcervantesa7@drupal.org,2018-06-13 09:03:55,https://robohash.org/doloremaccusamusillo.bmp?size=200x200&set=set1,
R1930515,682,ROBERTA,DREWETT,WHAPLINGTON,8825900788,rwhaplingtona8@dailymail.co.uk,2015-07-21 00:01:57,https://robohash.org/corruptidictaexpedita.bmp?size=200x200&set=set1,
T9346228,193,AVERIL,PEREGRINE,SNOAD,1262445513,asnoada9@ucoz.ru,2016-05-20 10:26:53,https://robohash.org/accusantiumquisquamillo.png?size=200x200&set=set1,
B0553132,758,MYER,GREEDING,D' EYE,7037877134,mdeyeaa@ocn.ne.jp,2016-01-16 23:56:21,https://robohash.org/natuslaboredolorum.jpg?size=200x200&set=set1,
D2327243,625,MAXINE,SIMMANCE,FRANCISCO,9903745666,mfranciscoab@gmpg.org,2016-03-07 02:36:39,https://robohash.org/eiusnecessitatibusvitae.jpg?size=200x200&set=set1,
T6965563,719,RHODY,RIGGULSFORD,BANAT,7513381128,rbanatac@twitter.com,2016-03-08 04:17:28,https://robohash.org/liberoestoccaecati.png?size=200x200&set=set1,
N4896341,296,NORMIE,O' DOOLEY,BATER,9405278944,nbaterad@cnet.com,2018-05-02 14:24:42,https://robohash.org/doloribusquicommodi.bmp?size=200x200&set=set1,
V3230533,451,IRVING,VALENTINETTI,HAMLET,3665092170,ihamletae@tmall.com,2018-06-24 16:40:11,https://robohash.org/asperioressedomnis.bmp?size=200x200&set=set1,
A7329583,499,PIPPO,MAFFIA,MELBERT,5096049404,pmelbertaf@theatlantic.com,2016-11-08 09:00:59,https://robohash.org/dolordolorsimilique.jpg?size=200x200&set=set1,
K7932220,317,MELLI,MENHCI,MCLACHLAN,5262017225,mmclachlanag@merriam-webster.com,2015-03-30 11:07:07,https://robohash.org/quaeratipsamollitia.png?size=200x200&set=set1,
F8807641,687,ERMINA,CLARRIDGE,D'AETH,4095148997,edaethah@nba.com,2016-08-12 01:15:57,https://robohash.org/consequaturitaquemagnam.png?size=200x200&set=set1,
E9908548,638,QUENT,WYLLIE,HAMER,3976611327,qhamerai@sphinn.com,2016-08-03 22:41:10,https://robohash.org/estconsequaturdicta.png?size=200x200&set=set1,
I8895775,70,ALDON,SHANKLAND,TABARY,9586227089,atabaryaj@nymag.com,2016-08-06 11:46:34,https://robohash.org/fugitullamlaborum.jpg?size=200x200&set=set1,
D9840245,673,BRODERIC,BURBUDGE,QUINNELLY,8884400732,bquinnellyak@photobucket.com,2018-08-22 07:03:40,https://robohash.org/nostrumnihilest.jpg?size=200x200&set=set1,
Q2824995,235,KARIA,HALVORSEN,HINRICH,9796114300,khinrichal@pinterest.com,2015-09-14 21:23:40,https://robohash.org/uteumdolores.bmp?size=200x200&set=set1,
S7586745,655,ROSY,DELICATE,SOKALE,5151638499,rsokaleam@umich.edu,2017-09-17 01:15:46,https://robohash.org/quiidcum.bmp?size=200x200&set=set1,
J5026552,72,BARON,CLENDENING,HAMPTON,6203435670,bhamptonan@ucla.edu,2017-03-23 22:05:26,https://robohash.org/estremnon.png?size=200x200&set=set1,
C9828555,278,MELLY,GUSWELL,DEVONPORT,8038107728,mdevonportao@simplemachines.org,2017-04-14 14:35:26,https://robohash.org/quoesseaut.jpg?size=200x200&set=set1,
V7416050,779,MELANTHA,CHEAK,REAMES,1284932311,mreamesap@nature.com,2015-10-09 00:48:12,https://robohash.org/utsedrepudiandae.jpg?size=200x200&set=set1,
Q8959986,718,ALOYSIUS,GEAR,TERRILL,8658138192,aterrillaq@marketwatch.com,2015-08-13 16:45:34,https://robohash.org/ipsaetautem.jpg?size=200x200&set=set1,
O9317498,333,CAPRICE,DIBLING,RICHARDT,7157505262,crichardtar@guardian.co.uk,2015-10-24 11:35:12,https://robohash.org/quiaccusantiumarchitecto.bmp?size=200x200&set=set1,
Y7132125,317,GEORGY,DUMBLTON,TARBOX,9548170125,gtarboxas@sun.com,2017-08-22 11:11:31,https://robohash.org/cumaperiamquia.bmp?size=200x200&set=set1,
P3365345,660,CATINA,GRISEDALE,RUBBENS,6934699854,crubbensat@hubpages.com,2017-10-09 06:39:41,https://robohash.org/hicliberodolor.png?size=200x200&set=set1,
S8356650,704,ELDON,MCPARLIN,SOWERBY,3687071692,esowerbyau@instagram.com,2016-12-11 22:42:34,https://robohash.org/consequaturvoluptatemipsam.png?size=200x200&set=set1,
H7768398,20,HUBE,FISHWICK,NEUBIGGING,2904811915,hneubiggingav@weather.com,2015-02-17 15:36:06,https://robohash.org/saepedoloribusquam.bmp?size=200x200&set=set1,
K8398482,467,ASHLA,PERFORD,DOLDON,2306893320,adoldonaw@umn.edu,2017-08-15 05:34:51,https://robohash.org/utvelitet.png?size=200x200&set=set1,
L0105486,249,PEARLA,HEINDL,FRANCKLYN,8557096926,pfrancklynax@blogs.com,2017-08-29 07:31:58,https://robohash.org/adipiscinemoatque.bmp?size=200x200&set=set1,
P4912392,725,EMERSON,PETT,HEBBS,3645368816,ehebbsay@nps.gov,2017-06-14 04:36:52,https://robohash.org/quaeratsedducimus.png?size=200x200&set=set1,
S9621766,409,IDELLE,TOMLIN,GEORGESCU,5397974253,igeorgescuaz@discovery.com,2018-11-10 22:13:00,https://robohash.org/suscipitodioomnis.png?size=200x200&set=set1,
X5151116,511,CORDELIA,MUCCI,VIGURS,7455906406,cvigursb0@ebay.co.uk,2016-06-14 11:53:27,https://robohash.org/evenietsintiusto.bmp?size=200x200&set=set1,
Z8596825,714,BURGESS,LAURENTIN,NEAMES,8367311317,bneamesb1@lycos.com,2018-05-27 07:27:31,https://robohash.org/quasutet.bmp?size=200x200&set=set1,
J8990284,304,MARSHALL,MORSE,WAYTE,3795002838,mwayteb2@github.com,2015-06-03 22:07:26,https://robohash.org/accusantiumidest.png?size=200x200&set=set1,
J3594390,158,LUSA,MARKHAM,SCARISBRICK,2785602219,lscarisbrickb3@biblegateway.com,2018-06-14 04:14:37,https://robohash.org/harumoptiobeatae.jpg?size=200x200&set=set1,
