ESTADOS,DELEGACION,CALLE,NUMERO,CP
CIUDAD DE MÉXICO,ÁLVARO OBREGÓN,RIDGEWAY,9,1250
CIUDAD DE MÉXICO,VENUSTIANO CARRANZA,EAST,20475,15670
CIUDAD DE MÉXICO,GUSTAVO A. MADERO,SLOAN,158,7164
CIUDAD DE MÉXICO,MILPA ALTA,CALIANGT,76,12100
CIUDAD DE MÉXICO,COYOACÁN,CORBEN,605,4360
CIUDAD DE MÉXICO,TLALPAN,LILLIAN,198,14248
CIUDAD DE MÉXICO,GUSTAVO A. MADERO,HOLLOW RIDGE,9,7790
CIUDAD DE MÉXICO,IZTAPALAPA,DIXON,52,9830
CIUDAD DE MÉXICO,ÁLVARO OBREGÓN,ARAPAHOE,90,1780
CIUDAD DE MÉXICO,CUAJIMALPA DE MORELOS,HOEPKER,157,5220
CIUDAD DE MÉXICO,TLALPAN,WESTPORT,26644,14050
CIUDAD DE MÉXICO,COYOACÁN,WAYRIDGE,2949,4908
CIUDAD DE MÉXICO,LA MAGDALENA CONTRERAS,HOLMBERG,1,10020
CIUDAD DE MÉXICO,COYOACÁN,ARROWOOD,41,4450
CIUDAD DE MÉXICO,CUAJIMALPA DE MORELOS,DORTON,5,5119
CIUDAD DE MÉXICO,BENITO JUÁREZ,OLD SHORE,236,3820
CIUDAD DE MÉXICO,IZTAPALAPA,EVERETT,1530,9700
CIUDAD DE MÉXICO,XOCHIMILCO,HAYES,2,16600
CIUDAD DE MÉXICO,TLALPAN,MAIN,93261,14209
CIUDAD DE MÉXICO,MIGUEL HIDALGO,BUNKER HILL,30,11590
CIUDAD DE MÉXICO,IZTAPALAPA,SUTHERLAND,47,9820
CIUDAD DE MÉXICO,GUSTAVO A. MADERO,IOWA,8436,7730
CIUDAD DE MÉXICO,LA MAGDALENA CONTRERAS,COTTONWOOD,42,10320
CIUDAD DE MÉXICO,IZTAPALAPA,EVERETT,984,9110
CIUDAD DE MÉXICO,GUSTAVO A. MADERO,SUNDOWN,15,7090
CIUDAD DE MÉXICO,COYOACÁN,MYRTLE,1195,4330
CIUDAD DE MÉXICO,IZTACALCO,4TH,89478,8030
CIUDAD DE MÉXICO,ÁLVARO OBREGÓN,EAGAN,8,1700
CIUDAD DE MÉXICO,TLALPAN,6TH,1,14388
CIUDAD DE MÉXICO,TLÁHUAC,SUMMERVIEW,8,13093
CIUDAD DE MÉXICO,TLALPAN,FAIRVIEW,2165,14200
CIUDAD DE MÉXICO,IZTAPALAPA,RYAN,7,9830
CIUDAD DE MÉXICO,ÁLVARO OBREGÓN,LYONS,8989,1560
CIUDAD DE MÉXICO,IZTAPALAPA,NEVADA,777,9310
CIUDAD DE MÉXICO,TLALPAN,DIVISION,3979,14269
CIUDAD DE MÉXICO,IZTAPALAPA,HUDSON,619,9800
CIUDAD DE MÉXICO,IZTAPALAPA,KINSMAN,5689,9760
CIUDAD DE MÉXICO,TLALPAN,CAMBRIDGE,9,14070
CIUDAD DE MÉXICO,XOCHIMILCO,NORTHPORT,550,16776
CIUDAD DE MÉXICO,IZTAPALAPA,KILLDEER,74745,9630
CIUDAD DE MÉXICO,ÁLVARO OBREGÓN,KEDZIE,3,1830
CIUDAD DE MÉXICO,IZTAPALAPA,PEARSON,903,9359
CIUDAD DE MÉXICO,ÁLVARO OBREGÓN,ORIN,40,1588
CIUDAD DE MÉXICO,COYOACÁN,HIGH CROSSING,92,4230
CIUDAD DE MÉXICO,AZCAPOTZALCO,CAREY,2,2169
CIUDAD DE MÉXICO,TLÁHUAC,CASCADE,67407,13060
CIUDAD DE MÉXICO,MIGUEL HIDALGO,ANHALT,6817,11220
CIUDAD DE MÉXICO,IZTAPALAPA,MESSERSCHMIDT,7805,9400
CIUDAD DE MÉXICO,COYOACÁN,JENNA,169,4918
CIUDAD DE MÉXICO,GUSTAVO A. MADERO,SPRINGS,1682,7470
CIUDAD DE MÉXICO,COYOACÁN,CHARING CROSS,370,4719
CIUDAD DE MÉXICO,LA MAGDALENA CONTRERAS,BONNER,5767,10010
CIUDAD DE MÉXICO,ÁLVARO OBREGÓN,JAY,6313,1239
CIUDAD DE MÉXICO,CUAJIMALPA DE MORELOS,TWIN PINES,335,5280
CIUDAD DE MÉXICO,AZCAPOTZALCO,KENNEDY,88099,2530
CIUDAD DE MÉXICO,XOCHIMILCO,MCCORMICK,65606,16459
CIUDAD DE MÉXICO,IZTAPALAPA,SUMMERVIEW,352,9719
CIUDAD DE MÉXICO,BENITO JUÁREZ,BLAINE,91,3100
CIUDAD DE MÉXICO,ÁLVARO OBREGÓN,SUSAN,5,1275
CIUDAD DE MÉXICO,XOCHIMILCO,SUMMIT,54,16630
CIUDAD DE MÉXICO,COYOACÁN,GOODLAND,205,4230
CIUDAD DE MÉXICO,ÁLVARO OBREGÓN,HELENA,18,1250
CIUDAD DE MÉXICO,ÁLVARO OBREGÓN,LOFTSGORDON,96245,1700
CIUDAD DE MÉXICO,COYOACÁN,MERRY,436,4120
CIUDAD DE MÉXICO,XOCHIMILCO,GRACELAND,558,16710
CIUDAD DE MÉXICO,ÁLVARO OBREGÓN,PAGET,23132,1567
CIUDAD DE MÉXICO,MIGUEL HIDALGO,GARRISON,75688,11410
CIUDAD DE MÉXICO,IZTAPALAPA,PENNSYLVANIA,2,9830
CIUDAD DE MÉXICO,VENUSTIANO CARRANZA,FORDEM,38267,15500
CIUDAD DE MÉXICO,GUSTAVO A. MADERO,BUELL,241,7870
CIUDAD DE MÉXICO,ÁLVARO OBREGÓN,BUENA VISTA,41739,1500
CIUDAD DE MÉXICO,TLALPAN,VAHLEN,2878,14219
CIUDAD DE MÉXICO,VENUSTIANO CARRANZA,WALTON,8716,15800
CIUDAD DE MÉXICO,COYOACÁN,RIGNEY,7,4510
CIUDAD DE MÉXICO,GUSTAVO A. MADERO,MEADOW RIDGE,5,7810
CIUDAD DE MÉXICO,BENITO JUÁREZ,MESSERSCHMIDT,368,3940
CIUDAD DE MÉXICO,COYOACÁN,HINTZE,731,4260
CIUDAD DE MÉXICO,COYOACÁN,TRAILSWAY,40019,4815
CIUDAD DE MÉXICO,MIGUEL HIDALGO,JUDY,317,11280
CIUDAD DE MÉXICO,IZTAPALAPA,RIDGEVIEW,862,9860
CIUDAD DE MÉXICO,GUSTAVO A. MADERO,JENIFER,33971,7200
CIUDAD DE MÉXICO,TLALPAN,SUNBROOK,0,14609
CIUDAD DE MÉXICO,BENITO JUÁREZ,CLYDE GALLAGHER,191,3620
CIUDAD DE MÉXICO,COYOACÁN,LA FOLLETTE,99,4480
CIUDAD DE MÉXICO,IZTACALCO,NOBEL,82,8240
CIUDAD DE MÉXICO,GUSTAVO A. MADERO,EMMET,16,7320
CIUDAD DE MÉXICO,COYOACÁN,ANNAMARK,26,4410
CIUDAD DE MÉXICO,GUSTAVO A. MADERO,JOHN WALL,13,7754
CIUDAD DE MÉXICO,IZTAPALAPA,GLACIER HILL,2084,9750
CIUDAD DE MÉXICO,AZCAPOTZALCO,COMANCHE,264,2150
CIUDAD DE MÉXICO,TLALPAN,BROWN,13247,14240
CIUDAD DE MÉXICO,XOCHIMILCO,INDEPENDENCE,7829,16530
CIUDAD DE MÉXICO,CUAJIMALPA DE MORELOS,AMERICAN,47,5118
CIUDAD DE MÉXICO,CUAUHTÉMOC,SACHS,43881,6010
CIUDAD DE MÉXICO,ÁLVARO OBREGÓN,LIGHTHOUSE BAY,43,1125
CIUDAD DE MÉXICO,IZTAPALAPA,KINSMAN,9998,9290
CIUDAD DE MÉXICO,GUSTAVO A. MADERO,OXFORD,1,7990
CIUDAD DE MÉXICO,TLÁHUAC,DEL SOL,80,13093
CIUDAD DE MÉXICO,CUAJIMALPA DE MORELOS,RIGNEY,65,5118
CIUDAD DE MÉXICO,TLALPAN,ARMISTICE,3618,14275
CIUDAD DE MÉXICO,IZTAPALAPA,CODY,5,9698
CIUDAD DE MÉXICO,CUAUHTÉMOC,NOBEL,4,6000
CIUDAD DE MÉXICO,XOCHIMILCO,DAHLE,46734,16840
CIUDAD DE MÉXICO,MIGUEL HIDALGO,ANZINGER,603,11220
CIUDAD DE MÉXICO,GUSTAVO A. MADERO,THACKERAY,456,7070
CIUDAD DE MÉXICO,IZTAPALAPA,PIERSTORFF,685,9820
CIUDAD DE MÉXICO,TLÁHUAC,RONALD REGAN,49,13278
CIUDAD DE MÉXICO,TLÁHUAC,HALLOWS,7,13094
CIUDAD DE MÉXICO,LA MAGDALENA CONTRERAS,DAPIN,36,10640
CIUDAD DE MÉXICO,GUSTAVO A. MADERO,FAIRFIELD,367,7050
CIUDAD DE MÉXICO,ÁLVARO OBREGÓN,SULLIVAN,0,1419
CIUDAD DE MÉXICO,TLÁHUAC,FISK,56,13090
CIUDAD DE MÉXICO,ÁLVARO OBREGÓN,CLARENDON,85,1650
CIUDAD DE MÉXICO,GUSTAVO A. MADERO,SOUTHRIDGE,35217,7110
CIUDAD DE MÉXICO,CUAJIMALPA DE MORELOS,ELMSIDE,5971,5270
CIUDAD DE MÉXICO,VENUSTIANO CARRANZA,BROWNING,4,15400
CIUDAD DE MÉXICO,COYOACÁN,SUNNYSIDE,5605,4030
CIUDAD DE MÉXICO,BENITO JUÁREZ,ATWOOD,735,3730
CIUDAD DE MÉXICO,LA MAGDALENA CONTRERAS,FOREST RUN,0,10309
CIUDAD DE MÉXICO,COYOACÁN,CARPENTER,79493,4320
CIUDAD DE MÉXICO,IZTAPALAPA,JANA,6,9760
CIUDAD DE MÉXICO,XOCHIMILCO,CROWNHARDT,89,16880
CIUDAD DE MÉXICO,LA MAGDALENA CONTRERAS,AMERICAN,9838,10920
CIUDAD DE MÉXICO,IZTAPALAPA,MOLAND,773,9230
CIUDAD DE MÉXICO,CUAJIMALPA DE MORELOS,HELENA,0,5610
CIUDAD DE MÉXICO,CUAJIMALPA DE MORELOS,GOODLAND,38,5050
CIUDAD DE MÉXICO,TLALPAN,MONTANA,3375,14426
CIUDAD DE MÉXICO,TLALPAN,FARWELL,3,14090
CIUDAD DE MÉXICO,CUAJIMALPA DE MORELOS,HOFFMAN,15,5110
CIUDAD DE MÉXICO,IZTAPALAPA,LOGAN,27219,9560
CIUDAD DE MÉXICO,COYOACÁN,ARROWOOD,46,4100
CIUDAD DE MÉXICO,TLÁHUAC,OLD SHORE,25720,13219
CIUDAD DE MÉXICO,ÁLVARO OBREGÓN,FULLER,28,1260
CIUDAD DE MÉXICO,ÁLVARO OBREGÓN,MARYLAND,7,1270
CIUDAD DE MÉXICO,TLALPAN,FAIRFIELD,49,14529
CIUDAD DE MÉXICO,TLÁHUAC,BADEAU,30315,13700
CIUDAD DE MÉXICO,AZCAPOTZALCO,DAYTON,44789,2510
CIUDAD DE MÉXICO,ÁLVARO OBREGÓN,SUGAR,439,1790
CIUDAD DE MÉXICO,TLALPAN,1ST,55,14049
CIUDAD DE MÉXICO,IZTAPALAPA,FLORENCE,8,9920
CIUDAD DE MÉXICO,LA MAGDALENA CONTRERAS,VERA,121,10000
CIUDAD DE MÉXICO,COYOACÁN,SUPERIOR,93,4440
CIUDAD DE MÉXICO,TLALPAN,MUIR,730,14647
CIUDAD DE MÉXICO,ÁLVARO OBREGÓN,MEMORIAL,63220,1560
CIUDAD DE MÉXICO,IZTAPALAPA,LOTHEVILLE,620,9070
CIUDAD DE MÉXICO,CUAJIMALPA DE MORELOS,RIDGE OAK,387,5280
CIUDAD DE MÉXICO,AZCAPOTZALCO,PRAIRIE ROSE,4,2240
CIUDAD DE MÉXICO,GUSTAVO A. MADERO,MAPLE WOOD,0,7940
CIUDAD DE MÉXICO,CUAUHTÉMOC,BULTMAN,982,6500
CIUDAD DE MÉXICO,IZTAPALAPA,FISK,7469,9000
CIUDAD DE MÉXICO,CUAUHTÉMOC,CREST LINE,2792,6240
CIUDAD DE MÉXICO,CUAUHTÉMOC,HAZELCREST,1380,6840
CIUDAD DE MÉXICO,IZTAPALAPA,SUNDOWN,94456,9856
CIUDAD DE MÉXICO,VENUSTIANO CARRANZA,GERALD,57814,15440
CIUDAD DE MÉXICO,BENITO JUÁREZ,EASTLAWN,669,3510
CIUDAD DE MÉXICO,ÁLVARO OBREGÓN,CONTINENTAL,0,1500
CIUDAD DE MÉXICO,XOCHIMILCO,MORNING,45438,16810
CIUDAD DE MÉXICO,IZTAPALAPA,ALMO,12075,9637
CIUDAD DE MÉXICO,LA MAGDALENA CONTRERAS,WAYWOOD,49531,10700
CIUDAD DE MÉXICO,ÁLVARO OBREGÓN,AUTUMN LEAF,6462,1250
CIUDAD DE MÉXICO,TLALPAN,ANZINGER,79858,14356
CIUDAD DE MÉXICO,XOCHIMILCO,CAMBRIDGE,8996,16810
CIUDAD DE MÉXICO,TLÁHUAC,ELKA,3,13610
CIUDAD DE MÉXICO,VENUSTIANO CARRANZA,MONUMENT,78328,15830
CIUDAD DE MÉXICO,ÁLVARO OBREGÓN,NANCY,80,1410
CIUDAD DE MÉXICO,COYOACÁN,DIXON,364,4630
CIUDAD DE MÉXICO,TLALPAN,CENTER,38237,14399
CIUDAD DE MÉXICO,TLALPAN,WAXWING,82660,14428
CIUDAD DE MÉXICO,TLALPAN,NEVADA,8332,14640
CIUDAD DE MÉXICO,COYOACÁN,ANNAMARK,32,4330
CIUDAD DE MÉXICO,ÁLVARO OBREGÓN,FULLER,59,1220
CIUDAD DE MÉXICO,COYOACÁN,DOTTIE,75420,4980
CIUDAD DE MÉXICO,AZCAPOTZALCO,BARNETT,7,2090
CIUDAD DE MÉXICO,IZTAPALAPA,THOMPSON,147,9630
CIUDAD DE MÉXICO,MIGUEL HIDALGO,BLAINE,67,11550
CIUDAD DE MÉXICO,AZCAPOTZALCO,CORDELIA,8,2670
CIUDAD DE MÉXICO,ÁLVARO OBREGÓN,GINA,5640,1720
CIUDAD DE MÉXICO,VENUSTIANO CARRANZA,VERA,50139,15330
CIUDAD DE MÉXICO,GUSTAVO A. MADERO,5TH,7171,7363
CIUDAD DE MÉXICO,ÁLVARO OBREGÓN,VERMONT,32997,1180
CIUDAD DE MÉXICO,GUSTAVO A. MADERO,CROWNHARDT,509,7969
CIUDAD DE MÉXICO,TLÁHUAC,5TH,71,13180
CIUDAD DE MÉXICO,TLALPAN,EAST,37010,14340
CIUDAD DE MÉXICO,XOCHIMILCO,BOWMAN,6,16300
CIUDAD DE MÉXICO,XOCHIMILCO,GALE,703,16739
CIUDAD DE MÉXICO,ÁLVARO OBREGÓN,BARNETT,23301,1590
CIUDAD DE MÉXICO,GUSTAVO A. MADERO,MALLORY,56538,7010
CIUDAD DE MÉXICO,ÁLVARO OBREGÓN,RIDGE OAK,2,1408
CIUDAD DE MÉXICO,VENUSTIANO CARRANZA,HOLY CROSS,0,15540
CIUDAD DE MÉXICO,IZTAPALAPA,TENNESSEE,78933,9970
CIUDAD DE MÉXICO,AZCAPOTZALCO,KINGS,254,2020
CIUDAD DE MÉXICO,TLALPAN,MALLORY,144,14250
CIUDAD DE MÉXICO,IZTAPALAPA,FREMONT,97806,9630
CIUDAD DE MÉXICO,CUAUHTÉMOC,MELROSE,3486,6840
CIUDAD DE MÉXICO,ÁLVARO OBREGÓN,MAGDELINE,92,1269
CIUDAD DE MÉXICO,XOCHIMILCO,PAGET,80289,16850
CIUDAD DE MÉXICO,COYOACÁN,TALMADGE,465,4940
CIUDAD DE MÉXICO,TLALPAN,PRAIRIEVIEW,71,14426
CIUDAD DE MÉXICO,AZCAPOTZALCO,KILLDEER,7,2340
CIUDAD DE MÉXICO,XOCHIMILCO,MCCORMICK,30,16040
CIUDAD DE MÉXICO,TLALPAN,SCHILLER,82755,14449
CIUDAD DE MÉXICO,GUSTAVO A. MADERO,TALMADGE,41,7070
CIUDAD DE MÉXICO,ÁLVARO OBREGÓN,GARRISON,0,1550
CIUDAD DE MÉXICO,GUSTAVO A. MADERO,MCCORMICK,35,7090
CIUDAD DE MÉXICO,GUSTAVO A. MADERO,ALGOMA,74253,7890
CIUDAD DE MÉXICO,IZTAPALAPA,SUNFIELD,424,9430
CIUDAD DE MÉXICO,TLALPAN,VILLAGE GREEN,71150,14209
CIUDAD DE MÉXICO,XOCHIMILCO,TOWNE,4,16035
CIUDAD DE MÉXICO,GUSTAVO A. MADERO,ARTISAN,6,7770
CIUDAD DE MÉXICO,XOCHIMILCO,CASCADE,5,16605
CIUDAD DE MÉXICO,GUSTAVO A. MADERO,COTTONWOOD,62324,7119
CIUDAD DE MÉXICO,MIGUEL HIDALGO,HOARD,91686,11460
CIUDAD DE MÉXICO,MILPA ALTA,MUIR,75,12700
CIUDAD DE MÉXICO,ÁLVARO OBREGÓN,BROWN,7,1120
CIUDAD DE MÉXICO,TLALPAN,ALPINE,87564,14449
CIUDAD DE MÉXICO,ÁLVARO OBREGÓN,CALYPSO,456,1510
CIUDAD DE MÉXICO,AZCAPOTZALCO,ELKA,5,2129
CIUDAD DE MÉXICO,AZCAPOTZALCO,MILWAUKEE,47,2770
CIUDAD DE MÉXICO,ÁLVARO OBREGÓN,REINDAHL,438,1700
CIUDAD DE MÉXICO,IZTACALCO,ELMSIDE,7,8510
CIUDAD DE MÉXICO,IZTAPALAPA,HOLLOW RIDGE,7,9760
CIUDAD DE MÉXICO,IZTACALCO,GRANBY,87,8730
CIUDAD DE MÉXICO,ÁLVARO OBREGÓN,BOYD,3073,1569
CIUDAD DE MÉXICO,TLÁHUAC,BADEAU,22,13219
CIUDAD DE MÉXICO,MIGUEL HIDALGO,ANHALT,27186,11000
CIUDAD DE MÉXICO,GUSTAVO A. MADERO,HAUK,625,7359
CIUDAD DE MÉXICO,GUSTAVO A. MADERO,FORDEM,272,7670
CIUDAD DE MÉXICO,VENUSTIANO CARRANZA,SUNFIELD,893,15700
CIUDAD DE MÉXICO,VENUSTIANO CARRANZA,LINDEN,27,15500
CIUDAD DE MÉXICO,IZTAPALAPA,ESKER,651,9000
CIUDAD DE MÉXICO,ÁLVARO OBREGÓN,SUNNYSIDE,0,1050
CIUDAD DE MÉXICO,TLALPAN,GARRISON,897,14090
CIUDAD DE MÉXICO,IZTAPALAPA,MICHIGAN,6,9710
CIUDAD DE MÉXICO,IZTAPALAPA,CROWNHARDT,93,9730
CIUDAD DE MÉXICO,IZTAPALAPA,ORIN,5384,9578
CIUDAD DE MÉXICO,GUSTAVO A. MADERO,AMOTH,8,7870
CIUDAD DE MÉXICO,IZTAPALAPA,CANARY,3,9890
CIUDAD DE MÉXICO,ÁLVARO OBREGÓN,SUNNYSIDE,7,1275
CIUDAD DE MÉXICO,IZTAPALAPA,SUTHERLAND,7385,9960
CIUDAD DE MÉXICO,TLALPAN,FARRAGUT,7390,14000
CIUDAD DE MÉXICO,TLALPAN,FARWELL,61,14039
CIUDAD DE MÉXICO,VENUSTIANO CARRANZA,THIERER,6360,15730
CIUDAD DE MÉXICO,MILPA ALTA,DECLARATION,73,12100
CIUDAD DE MÉXICO,XOCHIMILCO,RYAN,12,16090
CIUDAD DE MÉXICO,XOCHIMILCO,UPHAM,4454,16459
CIUDAD DE MÉXICO,IZTAPALAPA,OLD GATE,3030,9670
CIUDAD DE MÉXICO,MILPA ALTA,KATIE,424,12070
CIUDAD DE MÉXICO,TLÁHUAC,KENSINGTON,290,13440
CIUDAD DE MÉXICO,TLALPAN,GREEN,991,14260
CIUDAD DE MÉXICO,IZTAPALAPA,AMERICAN,40681,9240
CIUDAD DE MÉXICO,XOCHIMILCO,JOHN WALL,617,16780
CIUDAD DE MÉXICO,ÁLVARO OBREGÓN,SUMMER RIDGE,262,1379
CIUDAD DE MÉXICO,TLÁHUAC,DIXON,11,13060
CIUDAD DE MÉXICO,IZTAPALAPA,WEST,31,9810
CIUDAD DE MÉXICO,GUSTAVO A. MADERO,REDWING,57,7140
CIUDAD DE MÉXICO,COYOACÁN,TONY,7668,4000
CIUDAD DE MÉXICO,IZTACALCO,LA FOLLETTE,55,8010
CIUDAD DE MÉXICO,TLALPAN,PEARSON,7,14208
CIUDAD DE MÉXICO,TLALPAN,BUTTERNUT,3,14337
CIUDAD DE MÉXICO,ÁLVARO OBREGÓN,DAYSTAR,368,1540
CIUDAD DE MÉXICO,CUAJIMALPA DE MORELOS,REINKE,32316,5118
CIUDAD DE MÉXICO,IZTAPALAPA,GOLF,96663,9630
CIUDAD DE MÉXICO,IZTAPALAPA,ALMO,6047,9369
CIUDAD DE MÉXICO,AZCAPOTZALCO,8TH,9282,2840
CIUDAD DE MÉXICO,BENITO JUÁREZ,LONGVIEW,895,3570
CIUDAD DE MÉXICO,AZCAPOTZALCO,ANNAMARK,72862,2870
CIUDAD DE MÉXICO,TLALPAN,ILENE,9358,14647
CIUDAD DE MÉXICO,TLALPAN,JACKSON,0,14658
CIUDAD DE MÉXICO,TLÁHUAC,STANG,89020,13300
CIUDAD DE MÉXICO,TLALPAN,MORNING,27467,14268
CIUDAD DE MÉXICO,ÁLVARO OBREGÓN,LAKELAND,15,1540
CIUDAD DE MÉXICO,GUSTAVO A. MADERO,EXPRESS,8124,7990
CIUDAD DE MÉXICO,GUSTAVO A. MADERO,SPRINGVIEW,64031,7340
CIUDAD DE MÉXICO,GUSTAVO A. MADERO,BUELL,102,7160
CIUDAD DE MÉXICO,CUAJIMALPA DE MORELOS,FORSTER,6,5219
CIUDAD DE MÉXICO,ÁLVARO OBREGÓN,NEW CASTLE,9837,1290
CIUDAD DE MÉXICO,GUSTAVO A. MADERO,FOREST,94477,7600
CIUDAD DE MÉXICO,MIGUEL HIDALGO,JENIFER,71,11560
CIUDAD DE MÉXICO,COYOACÁN,LEROY,48871,4919
CIUDAD DE MÉXICO,ÁLVARO OBREGÓN,CASCADE,92935,1139
CIUDAD DE MÉXICO,IZTAPALAPA,CENTER,715,9870
CIUDAD DE MÉXICO,GUSTAVO A. MADERO,CREST LINE,40,7730
CIUDAD DE MÉXICO,TLALPAN,PARKSIDE,3518,14659
CIUDAD DE MÉXICO,TLALPAN,KARSTENS,8,14273
CIUDAD DE MÉXICO,MIGUEL HIDALGO,CLYDE GALLAGHER,2425,11300
CIUDAD DE MÉXICO,IZTAPALAPA,VIDON,2,9960
CIUDAD DE MÉXICO,GUSTAVO A. MADERO,MYRTLE,4940,7870
CIUDAD DE MÉXICO,IZTAPALAPA,SACHTJEN,712,9790
CIUDAD DE MÉXICO,ÁLVARO OBREGÓN,FIELDSTONE,6,1280
CIUDAD DE MÉXICO,GUSTAVO A. MADERO,STRAUBEL,85012,7890
CIUDAD DE MÉXICO,ÁLVARO OBREGÓN,SAGE,9,1270
CIUDAD DE MÉXICO,CUAJIMALPA DE MORELOS,KEDZIE,940,5500
CIUDAD DE MÉXICO,AZCAPOTZALCO,GLENDALE,29,2810
CIUDAD DE MÉXICO,IZTAPALAPA,CORRY,12762,9090
CIUDAD DE MÉXICO,IZTAPALAPA,GALE,49,9868
CIUDAD DE MÉXICO,ÁLVARO OBREGÓN,MALLARD,60929,1740
CIUDAD DE MÉXICO,GUSTAVO A. MADERO,JUDY,73,7070
CIUDAD DE MÉXICO,TLALPAN,DELAWARE,430,14388
CIUDAD DE MÉXICO,TLALPAN,BANDING,174,14273
CIUDAD DE MÉXICO,MIGUEL HIDALGO,RIVERSIDE,8434,11040
CIUDAD DE MÉXICO,MIGUEL HIDALGO,MENOMONIE,66202,11200
CIUDAD DE MÉXICO,XOCHIMILCO,FOREST RUN,30239,16030
CIUDAD DE MÉXICO,XOCHIMILCO,BUTTERFIELD,9,16770
CIUDAD DE MÉXICO,GUSTAVO A. MADERO,MELBY,71866,7010
CIUDAD DE MÉXICO,IZTAPALAPA,MAYWOOD,4,9640
CIUDAD DE MÉXICO,MIGUEL HIDALGO,ESCH,42,11529
CIUDAD DE MÉXICO,ÁLVARO OBREGÓN,ANHALT,3,1700
CIUDAD DE MÉXICO,XOCHIMILCO,SCHMEDEMAN,6,16400
CIUDAD DE MÉXICO,AZCAPOTZALCO,PAGET,0,2510
CIUDAD DE MÉXICO,BENITO JUÁREZ,SCHURZ,72806,3580
CIUDAD DE MÉXICO,TLALPAN,THACKERAY,7796,14250
CIUDAD DE MÉXICO,GUSTAVO A. MADERO,EMMET,52,7919
CIUDAD DE MÉXICO,GUSTAVO A. MADERO,ONSGARD,336,7708
CIUDAD DE MÉXICO,ÁLVARO OBREGÓN,RIVERSIDE,99,1500
CIUDAD DE MÉXICO,XOCHIMILCO,6TH,51,16530
CIUDAD DE MÉXICO,COYOACÁN,KILLDEER,8,4370
CIUDAD DE MÉXICO,IZTACALCO,KROPF,1177,8320
CIUDAD DE MÉXICO,VENUSTIANO CARRANZA,PRAIRIE ROSE,9,15010
CIUDAD DE MÉXICO,IZTAPALAPA,CARBERRY,6215,9689
CIUDAD DE MÉXICO,TLALPAN,RIVERSIDE,92893,14108
CIUDAD DE MÉXICO,AZCAPOTZALCO,TOBAN,24446,2770
CIUDAD DE MÉXICO,ÁLVARO OBREGÓN,CRESCENT OAKS,5,1548
CIUDAD DE MÉXICO,ÁLVARO OBREGÓN,SLOAN,5,1139
CIUDAD DE MÉXICO,AZCAPOTZALCO,DIXON,23,2760
CIUDAD DE MÉXICO,GUSTAVO A. MADERO,JACKSON,97897,7450
CIUDAD DE MÉXICO,IZTAPALAPA,BARNETT,9907,9696
CIUDAD DE MÉXICO,ÁLVARO OBREGÓN,HANSONS,374,1377
CIUDAD DE MÉXICO,COYOACÁN,NORTHWESTERN,78,4940
CIUDAD DE MÉXICO,CUAUHTÉMOC,FOREST,7,6450
CIUDAD DE MÉXICO,ÁLVARO OBREGÓN,CAMBRIDGE,5080,1060
CIUDAD DE MÉXICO,COYOACÁN,LOGAN,8,4909
CIUDAD DE MÉXICO,AZCAPOTZALCO,BOWMAN,856,2040
CIUDAD DE MÉXICO,MIGUEL HIDALGO,RED CLOUD,8,11800
CIUDAD DE MÉXICO,TLÁHUAC,MCGUIRE,7766,13319
CIUDAD DE MÉXICO,IZTAPALAPA,CORSCOT,19087,9000
CIUDAD DE MÉXICO,ÁLVARO OBREGÓN,BELLGROVE,18931,1259
CIUDAD DE MÉXICO,TLÁHUAC,POND,1,13270
CIUDAD DE MÉXICO,GUSTAVO A. MADERO,ATWOOD,6536,7140
CIUDAD DE MÉXICO,XOCHIMILCO,OAK VALLEY,20429,16617
CIUDAD DE MÉXICO,COYOACÁN,DEBRA,5,4938
CIUDAD DE MÉXICO,LA MAGDALENA CONTRERAS,HOARD,7,10840
CIUDAD DE MÉXICO,IZTAPALAPA,MCGUIRE,5543,9864
CIUDAD DE MÉXICO,ÁLVARO OBREGÓN,NORTHRIDGE,76503,1870
CIUDAD DE MÉXICO,MIGUEL HIDALGO,BADEAU,98,11800
CIUDAD DE MÉXICO,AZCAPOTZALCO,DEL SOL,73030,2520
CIUDAD DE MÉXICO,MIGUEL HIDALGO,BLAINE,872,11000
CIUDAD DE MÉXICO,MILPA ALTA,LILLIAN,9,12400
CIUDAD DE MÉXICO,XOCHIMILCO,MILLER,4,16010
CIUDAD DE MÉXICO,IZTAPALAPA,SHOPKO,0,9709
CIUDAD DE MÉXICO,LA MAGDALENA CONTRERAS,EAST,50128,10710
CIUDAD DE MÉXICO,IZTACALCO,MELVIN,66,8320
CIUDAD DE MÉXICO,ÁLVARO OBREGÓN,LAWN,806,1510
CIUDAD DE MÉXICO,AZCAPOTZALCO,OAK VALLEY,45,2920
CIUDAD DE MÉXICO,IZTAPALAPA,AMERICAN ASH,6950,9400
CIUDAD DE MÉXICO,CUAJIMALPA DE MORELOS,PORTER,76028,5050
CIUDAD DE MÉXICO,TLÁHUAC,OXFORD,25,13530
CIUDAD DE MÉXICO,AZCAPOTZALCO,ALMO,699,2510
CIUDAD DE MÉXICO,COYOACÁN,EVERGREEN,2,4369
CIUDAD DE MÉXICO,XOCHIMILCO,NORTHWESTERN,24357,16010
CIUDAD DE MÉXICO,ÁLVARO OBREGÓN,MOLAND,248,1049
CIUDAD DE MÉXICO,GUSTAVO A. MADERO,MAIN,220,7370
CIUDAD DE MÉXICO,ÁLVARO OBREGÓN,WALTON,175,1296
CIUDAD DE MÉXICO,TLÁHUAC,KARSTENS,7034,13230
CIUDAD DE MÉXICO,IZTAPALAPA,GRIM,34671,9800
CIUDAD DE MÉXICO,AZCAPOTZALCO,WEST,67226,2340
CIUDAD DE MÉXICO,COYOACÁN,WARRIOR,1,4920
CIUDAD DE MÉXICO,MIGUEL HIDALGO,LUDINGTON,6198,11000
CIUDAD DE MÉXICO,VENUSTIANO CARRANZA,TEXAS,8,15240
CIUDAD DE MÉXICO,IZTAPALAPA,FAIRFIELD,31424,9830
CIUDAD DE MÉXICO,ÁLVARO OBREGÓN,GRAYHAWK,91,1400
CIUDAD DE MÉXICO,TLÁHUAC,BROWNING,6364,13070
CIUDAD DE MÉXICO,IZTAPALAPA,LYONS,43068,9630
CIUDAD DE MÉXICO,TLALPAN,KINGS,97464,14310
CIUDAD DE MÉXICO,AZCAPOTZALCO,3RD,909,2010
CIUDAD DE MÉXICO,ÁLVARO OBREGÓN,RUTLEDGE,27269,1650
CIUDAD DE MÉXICO,IZTAPALAPA,MANDRAKE,9081,9670
CIUDAD DE MÉXICO,GUSTAVO A. MADERO,CARIOCA,868,7350
CIUDAD DE MÉXICO,MILPA ALTA,LIEN,6470,12200
CIUDAD DE MÉXICO,ÁLVARO OBREGÓN,DELAWARE,889,1560
CIUDAD DE MÉXICO,VENUSTIANO CARRANZA,CORBEN,648,15740
CIUDAD DE MÉXICO,TLALPAN,CORDELIA,76073,14334
CIUDAD DE MÉXICO,TLÁHUAC,LAUREL,678,13150
CIUDAD DE MÉXICO,ÁLVARO OBREGÓN,FOREST DALE,13,1050
CIUDAD DE MÉXICO,GUSTAVO A. MADERO,MAPLE,8,7380
CIUDAD DE MÉXICO,MIGUEL HIDALGO,CRESCENT OAKS,3,11470
CIUDAD DE MÉXICO,COYOACÁN,SUTTERIDGE,24,4929
CIUDAD DE MÉXICO,TLALPAN,MARINERS COVE,4344,14300
CIUDAD DE MÉXICO,TLÁHUAC,PIERSTORFF,8782,13010
CIUDAD DE MÉXICO,IZTAPALAPA,CORBEN,8,9800
CIUDAD DE MÉXICO,MILPA ALTA,WARNER,0,12800
CIUDAD DE MÉXICO,TLALPAN,LINDEN,65526,14476
CIUDAD DE MÉXICO,MIGUEL HIDALGO,DREWRY,63,11360
CIUDAD DE MÉXICO,ÁLVARO OBREGÓN,SCHLIMGEN,3096,1090
CIUDAD DE MÉXICO,CUAJIMALPA DE MORELOS,ANZINGER,94912,5760
CIUDAD DE MÉXICO,IZTAPALAPA,HANSONS,23,9000
CIUDAD DE MÉXICO,XOCHIMILCO,GLENDALE,920,16629
CIUDAD DE MÉXICO,CUAUHTÉMOC,TENNESSEE,186,6200
CIUDAD DE MÉXICO,XOCHIMILCO,SUMMERVIEW,673,16050
CIUDAD DE MÉXICO,MIGUEL HIDALGO,EVERETT,95,11489
CIUDAD DE MÉXICO,MIGUEL HIDALGO,CORRY,57,11230
CIUDAD DE MÉXICO,TLALPAN,SUMMER RIDGE,76,14449
CIUDAD DE MÉXICO,ÁLVARO OBREGÓN,HAVEY,1135,1285
CIUDAD DE MÉXICO,IZTAPALAPA,SAINT PAUL,48,9769
CIUDAD DE MÉXICO,CUAJIMALPA DE MORELOS,JOHNSON,6,5520
CIUDAD DE MÉXICO,GUSTAVO A. MADERO,RUTLEDGE,69,7640
CIUDAD DE MÉXICO,IZTAPALAPA,SHASTA,6,9810
CIUDAD DE MÉXICO,TLALPAN,GRASSKAMP,57,14429
CIUDAD DE MÉXICO,IZTAPALAPA,GRAYHAWK,91,9800
CIUDAD DE MÉXICO,IZTAPALAPA,SUPERIOR,7,9880
CIUDAD DE MÉXICO,LA MAGDALENA CONTRERAS,TALMADGE,25177,10320
CIUDAD DE MÉXICO,GUSTAVO A. MADERO,VIDON,8,7730
CIUDAD DE MÉXICO,IZTAPALAPA,KILLDEER,28,9860
CIUDAD DE MÉXICO,ÁLVARO OBREGÓN,MOCKINGBIRD,5695,1540
CIUDAD DE MÉXICO,TLALPAN,MANITOWISH,26,14529
CIUDAD DE MÉXICO,VENUSTIANO CARRANZA,RIDGEVIEW,31,15900
CIUDAD DE MÉXICO,XOCHIMILCO,VILLAGE GREEN,322,16604
CIUDAD DE MÉXICO,AZCAPOTZALCO,CHEROKEE,3524,2120
CIUDAD DE MÉXICO,IZTACALCO,BUENA VISTA,682,8710
CIUDAD DE MÉXICO,GUSTAVO A. MADERO,TOBAN,2,7010
CIUDAD DE MÉXICO,AZCAPOTZALCO,CONTINENTAL,230,2910
CIUDAD DE MÉXICO,VENUSTIANO CARRANZA,SAINT PAUL,51,15330
CIUDAD DE MÉXICO,CUAUHTÉMOC,SUMMERVIEW,6,6700
CIUDAD DE MÉXICO,VENUSTIANO CARRANZA,SCHMEDEMAN,90877,15450
CIUDAD DE MÉXICO,CUAJIMALPA DE MORELOS,COOLIDGE,2,5269
CIUDAD DE MÉXICO,BENITO JUÁREZ,GINA,961,3023
CIUDAD DE MÉXICO,TLÁHUAC,SUNBROOK,37,13219
CIUDAD DE MÉXICO,XOCHIMILCO,TENNESSEE,96204,16038
CIUDAD DE MÉXICO,ÁLVARO OBREGÓN,ARMISTICE,0,1509
CIUDAD DE MÉXICO,XOCHIMILCO,ANTHES,7022,16310
CIUDAD DE MÉXICO,XOCHIMILCO,COLUMBUS,49,16630
CIUDAD DE MÉXICO,MIGUEL HIDALGO,SUMMER RIDGE,17,11430
CIUDAD DE MÉXICO,COYOACÁN,GRACELAND,5038,4020
CIUDAD DE MÉXICO,BENITO JUÁREZ,SACHTJEN,8,3440
CIUDAD DE MÉXICO,AZCAPOTZALCO,BANDING,2092,2129
CIUDAD DE MÉXICO,TLALPAN,VERA,8564,14630
CIUDAD DE MÉXICO,BENITO JUÁREZ,CAMBRIDGE,26806,3000
CIUDAD DE MÉXICO,BENITO JUÁREZ,NEW CASTLE,557,3920
CIUDAD DE MÉXICO,GUSTAVO A. MADERO,EAGAN,68,7469
CIUDAD DE MÉXICO,GUSTAVO A. MADERO,HOARD,27,7780
CIUDAD DE MÉXICO,IZTAPALAPA,FARMCO,9200,9689
CIUDAD DE MÉXICO,COYOACÁN,FARMCO,423,4390
CIUDAD DE MÉXICO,AZCAPOTZALCO,DAKOTA,5670,2140
CIUDAD DE MÉXICO,ÁLVARO OBREGÓN,TROY,1,1220
CIUDAD DE MÉXICO,IZTAPALAPA,HOLMBERG,9299,9704
CIUDAD DE MÉXICO,ÁLVARO OBREGÓN,LONDONDERRY,888,1269
CIUDAD DE MÉXICO,MILPA ALTA,KINGS,56,12200
CIUDAD DE MÉXICO,COYOACÁN,CARBERRY,1252,4710
CIUDAD DE MÉXICO,MILPA ALTA,NORTHVIEW,85085,12100
CIUDAD DE MÉXICO,BENITO JUÁREZ,GREEN,64958,3100
CIUDAD DE MÉXICO,MIGUEL HIDALGO,BROWN,68,11460
CIUDAD DE MÉXICO,CUAJIMALPA DE MORELOS,FORSTER,74,5710
CIUDAD DE MÉXICO,IZTAPALAPA,FOREST RUN,7,9130
CIUDAD DE MÉXICO,GUSTAVO A. MADERO,MANITOWISH,78,7939
CIUDAD DE MÉXICO,TLALPAN,HANOVER,4453,14239
CIUDAD DE MÉXICO,ÁLVARO OBREGÓN,RIGNEY,47870,1410
CIUDAD DE MÉXICO,ÁLVARO OBREGÓN,NORTHVIEW,0,1510
CIUDAD DE MÉXICO,XOCHIMILCO,GRAYHAWK,18052,16100
CIUDAD DE MÉXICO,TLÁHUAC,BUTTERNUT,571,13063
CIUDAD DE MÉXICO,XOCHIMILCO,3RD,2,16780
CIUDAD DE MÉXICO,IZTAPALAPA,MILLER,9,9630
CIUDAD DE MÉXICO,GUSTAVO A. MADERO,DEXTER,9919,7509
CIUDAD DE MÉXICO,VENUSTIANO CARRANZA,DIXON,3,15250
CIUDAD DE MÉXICO,GUSTAVO A. MADERO,SCHILLER,44,7839
CIUDAD DE MÉXICO,IZTAPALAPA,MESTA,2086,9360
CIUDAD DE MÉXICO,AZCAPOTZALCO,DORTON,928,2519
CIUDAD DE MÉXICO,LA MAGDALENA CONTRERAS,CRESCENT OAKS,63,10010
CIUDAD DE MÉXICO,IZTAPALAPA,TROY,5,9696
CIUDAD DE MÉXICO,GUSTAVO A. MADERO,ARTISAN,90,7070
CIUDAD DE MÉXICO,ÁLVARO OBREGÓN,GREEN RIDGE,3436,1250
CIUDAD DE MÉXICO,TLÁHUAC,SOMMERS,7,13010
CIUDAD DE MÉXICO,AZCAPOTZALCO,MEMORIAL,92,2730
CIUDAD DE MÉXICO,ÁLVARO OBREGÓN,THOMPSON,731,1540
CIUDAD DE MÉXICO,CUAUHTÉMOC,WAUBESA,21,6900
CIUDAD DE MÉXICO,IZTACALCO,PAGET,211,8600
CIUDAD DE MÉXICO,GUSTAVO A. MADERO,SUTTERIDGE,5,7470
CIUDAD DE MÉXICO,ÁLVARO OBREGÓN,ATWOOD,12,1510
CIUDAD DE MÉXICO,BENITO JUÁREZ,KENWOOD,709,3400
CIUDAD DE MÉXICO,VENUSTIANO CARRANZA,SPRINGVIEW,2238,15420
CIUDAD DE MÉXICO,IZTAPALAPA,FOREST RUN,269,9220
CIUDAD DE MÉXICO,GUSTAVO A. MADERO,BUHLER,9,7380
CIUDAD DE MÉXICO,IZTAPALAPA,HOLMBERG,76879,9638
CIUDAD DE MÉXICO,AZCAPOTZALCO,STEENSLAND,43,2130
CIUDAD DE MÉXICO,VENUSTIANO CARRANZA,VERMONT,3,15270
CIUDAD DE MÉXICO,TLALPAN,LAKE VIEW,3,14320
CIUDAD DE MÉXICO,TLALPAN,NAMEKAGON,647,14040
CIUDAD DE MÉXICO,LA MAGDALENA CONTRERAS,RIDGEVIEW,0,10100
CIUDAD DE MÉXICO,GUSTAVO A. MADERO,SURREY,7,7189
CIUDAD DE MÉXICO,TLALPAN,HERMINA,9035,14340
CIUDAD DE MÉXICO,TLALPAN,SYCAMORE,449,14250
CIUDAD DE MÉXICO,BENITO JUÁREZ,JACKSON,9127,3730
CIUDAD DE MÉXICO,MILPA ALTA,SACHTJEN,195,12920
CIUDAD DE MÉXICO,GUSTAVO A. MADERO,HERMINA,758,7180
CIUDAD DE MÉXICO,ÁLVARO OBREGÓN,GULSETH,1,1820
CIUDAD DE MÉXICO,COYOACÁN,SPENSER,34734,4470
CIUDAD DE MÉXICO,ÁLVARO OBREGÓN,HAGAN,8595,1548
CIUDAD DE MÉXICO,MIGUEL HIDALGO,MONUMENT,8,11420
CIUDAD DE MÉXICO,COYOACÁN,CARIOCA,93,4239
CIUDAD DE MÉXICO,ÁLVARO OBREGÓN,DEXTER,7583,1650
CIUDAD DE MÉXICO,TLÁHUAC,ROXBURY,78,13040
CIUDAD DE MÉXICO,TLALPAN,SCHOOL,26,14080
ESTADO DE MÉXICO,NAUCALPAN DE JUÁREZ,DIXON,15,53229
ESTADO DE MÉXICO,JILOTEPEC,CALIANGT,3,54260
ESTADO DE MÉXICO,SAN SIMÓN DE GUERRERO,GOLDEN LEAF,12,51470
ESTADO DE MÉXICO,ATIZAPÁN DE ZARAGOZA,GREEN RIDGE,82599,52998
ESTADO DE MÉXICO,METEPEC,LUSTER,788,52149
ESTADO DE MÉXICO,TEMOAYA,LIEN,6430,50880
ESTADO DE MÉXICO,HUEHUETOCA,UPHAM,145,54685
ESTADO DE MÉXICO,APAXCO,MEADOW VALE,108,55666
ESTADO DE MÉXICO,TLALNEPANTLA DE BAZ,GRACELAND,2,54160
ESTADO DE MÉXICO,ATLACOMULCO,BARBY,7,50495
ESTADO DE MÉXICO,OTUMBA,SHERIDAN,6,55924
ESTADO DE MÉXICO,ATIZAPÁN DE ZARAGOZA,NEVADA,14333,52948
ESTADO DE MÉXICO,RAYÓN,BLUE BILL PARK,432,52363
ESTADO DE MÉXICO,TEPOTZOTLÁN,DELLADONNA,0,54650
ESTADO DE MÉXICO,CHIMALHUACÁN,ARKANSAS,92,56334
ESTADO DE MÉXICO,JIQUIPILCO,DAWN,68,50844
ESTADO DE MÉXICO,SAN SIMÓN DE GUERRERO,LILLIAN,211,51483
ESTADO DE MÉXICO,MELCHOR OCAMPO,PACKERS,35999,54893
ESTADO DE MÉXICO,TOLUCA,RUSK,2,50180
ESTADO DE MÉXICO,LUVIANOS,HARPER,562,51457
ESTADO DE MÉXICO,TIMILPAN,TWIN PINES,93390,50504
ESTADO DE MÉXICO,CUAUTITLÁN IZCALLI,BECKER,4,54743
ESTADO DE MÉXICO,CHICOLOAPAN,MERCHANT,982,56384
ESTADO DE MÉXICO,ECATEPEC DE MORELOS,DAYSTAR,1839,55023
ESTADO DE MÉXICO,TEPOTZOTLÁN,WAYWOOD,158,54605
ESTADO DE MÉXICO,ATLACOMULCO,LINDEN,4,50466
ESTADO DE MÉXICO,ALMOLOYA DE JUÁREZ,HERMINA,8,50935
ESTADO DE MÉXICO,TLATLAYA,AMERICAN,7328,51579
ESTADO DE MÉXICO,TLALMANALCO,LOTHEVILLE,0,56744
ESTADO DE MÉXICO,TENANGO DEL VALLE,CENTER,9,52303
ESTADO DE MÉXICO,ATIZAPÁN DE ZARAGOZA,GRACELAND,1,52910
ESTADO DE MÉXICO,TLALMANALCO,SLOAN,3,56746
ESTADO DE MÉXICO,ACAMBAY DE RUÍZ CASTAÑEDA,HUDSON,750,50343
ESTADO DE MÉXICO,TOLUCA,SWALLOW,43844,50170
ESTADO DE MÉXICO,VILLA DEL CARBÓN,STEENSLAND,3,54333
ESTADO DE MÉXICO,TEZOYUCA,BURROWS,946,56023
ESTADO DE MÉXICO,TLALNEPANTLA DE BAZ,ARMISTICE,5,54140
ESTADO DE MÉXICO,TLALNEPANTLA DE BAZ,CLEMONS,123,54110
ESTADO DE MÉXICO,ECATEPEC DE MORELOS,NORTHVIEW,9643,55020
ESTADO DE MÉXICO,TENANCINGO,SCOTT,9291,52437
ESTADO DE MÉXICO,LERMA,CHEROKEE,31945,52054
ESTADO DE MÉXICO,AMECAMECA,FISK,31017,56954
ESTADO DE MÉXICO,IXTLAHUACA,MONICA,4,50770
ESTADO DE MÉXICO,SAN FELIPE DEL PROGRESO,MIFFLIN,554,50653
ESTADO DE MÉXICO,ZINACANTEPEC,SUNFIELD,9173,51357
ESTADO DE MÉXICO,LERMA,QUINCY,7,52005
ESTADO DE MÉXICO,ZUMPANGO,SACHS,2254,55644
ESTADO DE MÉXICO,TULTITLÁN,RIDGE OAK,31,54935
ESTADO DE MÉXICO,VILLA DEL CARBÓN,4TH,3346,54327
ESTADO DE MÉXICO,ECATEPEC DE MORELOS,GOLF VIEW,9529,55066
ESTADO DE MÉXICO,TEMASCALTEPEC,ROXBURY,1520,51326
ESTADO DE MÉXICO,VILLA VICTORIA,SERVICE,9827,50984
ESTADO DE MÉXICO,ACAMBAY DE RUÍZ CASTAÑEDA,SUTTERIDGE,3525,50353
ESTADO DE MÉXICO,TEPETLIXPA,HEFFERNAN,269,56884
ESTADO DE MÉXICO,METEPEC,WAYWOOD,0,52172
ESTADO DE MÉXICO,COACALCO DE BERRIOZÁBAL,NORTHPORT,37,55728
ESTADO DE MÉXICO,ZUMPANGO,MELBY,6,55600
ESTADO DE MÉXICO,LA PAZ,HANSONS,61565,56516
ESTADO DE MÉXICO,TEMOAYA,ARTISAN,6608,50868
ESTADO DE MÉXICO,SAN JOSÉ DEL RINCÓN,ROCKEFELLER,24063,50663
ESTADO DE MÉXICO,COATEPEC HARINAS,DI LORETO,2,51726
ESTADO DE MÉXICO,ATENCO,BANDING,97,56303
ESTADO DE MÉXICO,METEPEC,DOVETAIL,788,52156
ESTADO DE MÉXICO,SAN FELIPE DEL PROGRESO,UPHAM,1,50653
ESTADO DE MÉXICO,TECÁMAC,OLD GATE,6067,55765
ESTADO DE MÉXICO,ECATEPEC DE MORELOS,FAIRFIELD,78,55119
ESTADO DE MÉXICO,TEOTIHUACÁN,MANITOWISH,52006,55807
ESTADO DE MÉXICO,ACAMBAY DE RUÍZ CASTAÑEDA,RONALD REGAN,64279,50333
ESTADO DE MÉXICO,ZINACANTEPEC,ANDERSON,1892,51370
ESTADO DE MÉXICO,TEXCOCO,SCHMEDEMAN,5242,56170
ESTADO DE MÉXICO,TEXCOCO,LA FOLLETTE,76,56140
ESTADO DE MÉXICO,TLATLAYA,MARINERS COVE,5,51577
ESTADO DE MÉXICO,RAYÓN,NORTH,9,52366
ESTADO DE MÉXICO,VILLA VICTORIA,VERNON,15244,50987
ESTADO DE MÉXICO,ECATEPEC DE MORELOS,JENIFER,3775,55080
ESTADO DE MÉXICO,TEPOTZOTLÁN,GLENDALE,72,54658
ESTADO DE MÉXICO,HUEHUETOCA,HANSON,43863,54685
ESTADO DE MÉXICO,EL ORO,SUTHERLAND,56,50633
ESTADO DE MÉXICO,TOLUCA,RYAN,31916,50263
ESTADO DE MÉXICO,LA PAZ,TOMSCOT,66,56520
ESTADO DE MÉXICO,ECATEPEC DE MORELOS,BANDING,84,55010
ESTADO DE MÉXICO,IXTAPALUCA,RED CLOUD,238,56588
ESTADO DE MÉXICO,SULTEPEC,SUNNYSIDE,5,51637
ESTADO DE MÉXICO,NICOLÁS ROMERO,GREEN RIDGE,1,54460
ESTADO DE MÉXICO,TEMASCALCINGO,TRAILSWAY,5551,50444
ESTADO DE MÉXICO,TEPETLIXPA,MARYLAND,72540,56884
ESTADO DE MÉXICO,ATLAUTLA,EGGENDART,8039,56973
ESTADO DE MÉXICO,HUIXQUILUCAN,MAYFIELD,24,52786
ESTADO DE MÉXICO,LUVIANOS,HOLY CROSS,53,51453
ESTADO DE MÉXICO,HUIXQUILUCAN,EGGENDART,669,52779
ESTADO DE MÉXICO,TECÁMAC,ROWLAND,62,55754
ESTADO DE MÉXICO,TIMILPAN,MARCY,5798,50505
ESTADO DE MÉXICO,ECATEPEC DE MORELOS,DONALD,2757,55067
ESTADO DE MÉXICO,COACALCO DE BERRIOZÁBAL,DWIGHT,90,55700
ESTADO DE MÉXICO,TEJUPILCO,AMOTH,84009,51414
ESTADO DE MÉXICO,AMECAMECA,SUTTERIDGE,7,56940
ESTADO DE MÉXICO,ECATEPEC DE MORELOS,KIPLING,57511,55070
ESTADO DE MÉXICO,NICOLÁS ROMERO,ELKA,92,54464
ESTADO DE MÉXICO,TULTEPEC,HINTZE,16200,54986
ESTADO DE MÉXICO,NAUCALPAN DE JUÁREZ,JUDY,70592,53296
ESTADO DE MÉXICO,ECATEPEC DE MORELOS,WARBLER,7,55070
ESTADO DE MÉXICO,TEXCALTITLÁN,MOULTON,4,51695
ESTADO DE MÉXICO,JIQUIPILCO,BELLGROVE,4,50830
ESTADO DE MÉXICO,TLALNEPANTLA DE BAZ,CLEMONS,0,54160
ESTADO DE MÉXICO,TEPOTZOTLÁN,LOFTSGORDON,6,54610
ESTADO DE MÉXICO,CAPULHUAC,PINE VIEW,587,52710
ESTADO DE MÉXICO,VILLA DE ALLENDE,QUINCY,398,51026
ESTADO DE MÉXICO,IXTAPALUCA,COLEMAN,823,56570
ESTADO DE MÉXICO,VILLA DE ALLENDE,BOYD,3,51000
ESTADO DE MÉXICO,LUVIANOS,KATIE,583,51454
ESTADO DE MÉXICO,OCUILAN,LOGAN,6,52480
ESTADO DE MÉXICO,SULTEPEC,WESTRIDGE,5423,51653
ESTADO DE MÉXICO,MORELOS,DELAWARE,22,50574
ESTADO DE MÉXICO,ALMOLOYA DE JUÁREZ,DRYDEN,45376,50934
ESTADO DE MÉXICO,ACOLMAN,VAHLEN,5659,55883
ESTADO DE MÉXICO,AMATEPEC,BELLGROVE,6133,51527
ESTADO DE MÉXICO,CHIMALHUACÁN,CORRY,6,56343
ESTADO DE MÉXICO,ACAMBAY DE RUÍZ CASTAÑEDA,5TH,866,50335
ESTADO DE MÉXICO,ECATEPEC DE MORELOS,LOTHEVILLE,6440,55540
ESTADO DE MÉXICO,CHIMALHUACÁN,WAYWOOD,97,56346
ESTADO DE MÉXICO,ZUMPANGO,STEPHEN,193,55614
ESTADO DE MÉXICO,TLALNEPANTLA DE BAZ,4TH,95,54009
ESTADO DE MÉXICO,CUAUTITLÁN IZCALLI,FAIR OAKS,2,54769
ESTADO DE MÉXICO,XONACATLÁN,BOWMAN,69216,52067
ESTADO DE MÉXICO,TEXCALTITLÁN,JACKSON,977,51674
ESTADO DE MÉXICO,TEXCOCO,DENNIS,5,56130
ESTADO DE MÉXICO,ZACUALPAN,RIDGEWAY,39688,51857
ESTADO DE MÉXICO,HUIXQUILUCAN,NOVICK,344,52776
ESTADO DE MÉXICO,NICOLÁS ROMERO,MAPLE WOOD,18,54466
ESTADO DE MÉXICO,CUAUTITLÁN,RIVERSIDE,44,54857
ESTADO DE MÉXICO,HUIXQUILUCAN,RIDGE OAK,78,52773
ESTADO DE MÉXICO,CUAUTITLÁN,HOEPKER,23372,54879
ESTADO DE MÉXICO,AMATEPEC,LITTLE FLEUR,6768,51517
ESTADO DE MÉXICO,NAUCALPAN DE JUÁREZ,CHIVE,1153,53217
ESTADO DE MÉXICO,ECATEPEC DE MORELOS,MENOMONIE,3,55070
ESTADO DE MÉXICO,IXTLAHUACA,MILLER,20,50754
ESTADO DE MÉXICO,SAN MARTÍN DE LAS PIRÁMIDES,SUNDOWN,85,55856
ESTADO DE MÉXICO,ECATEPEC DE MORELOS,ORIN,8,55067
ESTADO DE MÉXICO,ECATEPEC DE MORELOS,KILLDEER,69091,55518
ESTADO DE MÉXICO,VALLE DE BRAVO,SCHLIMGEN,77,51238
ESTADO DE MÉXICO,TEXCOCO,THACKERAY,138,56227
ESTADO DE MÉXICO,NEZAHUALCÓYOTL,GARRISON,6,57420
ESTADO DE MÉXICO,POLOTITLÁN,BRENTWOOD,47728,54225
ESTADO DE MÉXICO,TOLUCA,RUTLEDGE,59,50235
ESTADO DE MÉXICO,VILLA DE ALLENDE,PANKRATZ,17,51005
ESTADO DE MÉXICO,TEOLOYUCAN,COMANCHE,459,54783
ESTADO DE MÉXICO,SAN FELIPE DEL PROGRESO,EASTLAWN,1,50686
ESTADO DE MÉXICO,TOLUCA,NORTHPORT,40860,50180
ESTADO DE MÉXICO,OTZOLOTEPEC,VERA,67,52088
ESTADO DE MÉXICO,ALMOLOYA DE JUÁREZ,EVERGREEN,9987,50947
ESTADO DE MÉXICO,ECATEPEC DE MORELOS,GRAEDEL,1410,55020
ESTADO DE MÉXICO,ACULCO,SPRINGVIEW,4327,50375
ESTADO DE MÉXICO,LERMA,CHARING CROSS,715,52004
ESTADO DE MÉXICO,TEPOTZOTLÁN,SCHLIMGEN,77,54650
ESTADO DE MÉXICO,TENANGO DEL VALLE,LAUREL,76,52315
ESTADO DE MÉXICO,IXTLAHUACA,3RD,2,50773
ESTADO DE MÉXICO,ACAMBAY DE RUÍZ CASTAÑEDA,RANDY,92,50344
ESTADO DE MÉXICO,ALMOLOYA DE JUÁREZ,BOYD,2583,50920
ESTADO DE MÉXICO,TULTITLÁN,LARRY,5,54920
ESTADO DE MÉXICO,CUAUTITLÁN IZCALLI,ANNAMARK,584,54760
ESTADO DE MÉXICO,LERMA,RYAN,33,52047
ESTADO DE MÉXICO,IXTAPALUCA,BRENTWOOD,37,56556
ESTADO DE MÉXICO,TOLUCA,SWALLOW,81082,50260
ESTADO DE MÉXICO,TULTITLÁN,BUTTERNUT,8891,54933
ESTADO DE MÉXICO,COATEPEC HARINAS,CORBEN,5447,51754
ESTADO DE MÉXICO,JIQUIPILCO,SPENSER,19746,50810
ESTADO DE MÉXICO,ATLACOMULCO,MAYFIELD,6810,50486
ESTADO DE MÉXICO,TEXCALYACAC,NORWAY MAPLE,6,52570
ESTADO DE MÉXICO,ACAMBAY DE RUÍZ CASTAÑEDA,MYRTLE,310,50325
ESTADO DE MÉXICO,OTUMBA,FORSTER,817,55927
ESTADO DE MÉXICO,ACULCO,MEADOW RIDGE,76544,50397
ESTADO DE MÉXICO,ECATEPEC DE MORELOS,PORTAGE,5813,55430
ESTADO DE MÉXICO,ECATEPEC DE MORELOS,COMMERCIAL,11,55429
ESTADO DE MÉXICO,CHIMALHUACÁN,HAZELCREST,11686,56356
ESTADO DE MÉXICO,XONACATLÁN,SPRINGVIEW,688,52067
ESTADO DE MÉXICO,OCOYOACAC,WASHINGTON,31,52753
ESTADO DE MÉXICO,SOYANIQUILPAN DE JUÁREZ,WAUBESA,4177,54285
ESTADO DE MÉXICO,ECATEPEC DE MORELOS,ELMSIDE,2,55030
ESTADO DE MÉXICO,TEMASCALCINGO,SCHLIMGEN,85817,50413
ESTADO DE MÉXICO,TOLUCA,BEILFUSS,13440,50285
ESTADO DE MÉXICO,METEPEC,ROWLAND,1267,52157
ESTADO DE MÉXICO,ECATEPEC DE MORELOS,GRANBY,86,55140
ESTADO DE MÉXICO,TLALNEPANTLA DE BAZ,LAUREL,34,54135
ESTADO DE MÉXICO,LUVIANOS,MERCHANT,1,51453
ESTADO DE MÉXICO,SAN ANTONIO LA ISLA,GROVER,67685,52280
ESTADO DE MÉXICO,MALINALCO,LUNDER,590,52477
ESTADO DE MÉXICO,TLATLAYA,CAREY,190,51587
ESTADO DE MÉXICO,IXTAPALUCA,CHARING CROSS,6,56535
ESTADO DE MÉXICO,VILLA DE ALLENDE,MENDOTA,89766,51028
ESTADO DE MÉXICO,TULTITLÁN,MELROSE,3311,54935
ESTADO DE MÉXICO,TOLUCA,MCGUIRE,5393,50100
ESTADO DE MÉXICO,ECATEPEC DE MORELOS,MOLAND,8642,55010
ESTADO DE MÉXICO,ECATEPEC DE MORELOS,PINE VIEW,8,55064
ESTADO DE MÉXICO,TEMASCALTEPEC,CALYPSO,7834,51300
ESTADO DE MÉXICO,TOLUCA,AMERICAN ASH,21107,50110
ESTADO DE MÉXICO,TEQUIXQUIAC,LOTHEVILLE,3,55650
ESTADO DE MÉXICO,TLATLAYA,HOFFMAN,274,51569
ESTADO DE MÉXICO,TEPOTZOTLÁN,WESTEND,9477,54650
ESTADO DE MÉXICO,METEPEC,BADEAU,9430,52172
ESTADO DE MÉXICO,LERMA,THOMPSON,50420,52054
ESTADO DE MÉXICO,TEMASCALAPA,SCHOOL,548,55980
ESTADO DE MÉXICO,AMATEPEC,MONICA,86,51516
ESTADO DE MÉXICO,METEPEC,BUNTING,70,52175
ESTADO DE MÉXICO,ZINACANTEPEC,CORSCOT,54,51354
ESTADO DE MÉXICO,LUVIANOS,KROPF,69,51445
ESTADO DE MÉXICO,TOLUCA,SOMMERS,3,50040
ESTADO DE MÉXICO,TENANGO DEL AIRE,DORTON,539,56783
ESTADO DE MÉXICO,AMECAMECA,HANSON,1,56956
ESTADO DE MÉXICO,TEPOTZOTLÁN,RAVEN,745,54607
ESTADO DE MÉXICO,AMECAMECA,TROY,69,56920
ESTADO DE MÉXICO,ZINACANTEPEC,MONTEREY,1494,51385
ESTADO DE MÉXICO,ACAMBAY DE RUÍZ CASTAÑEDA,LUNDER,35,50345
ESTADO DE MÉXICO,SAN FELIPE DEL PROGRESO,BEILFUSS,2,50653
ESTADO DE MÉXICO,CHIMALHUACÁN,HUDSON,79925,56335
ESTADO DE MÉXICO,CAPULHUAC,GATEWAY,2,52700
ESTADO DE MÉXICO,ATIZAPÁN DE ZARAGOZA,HAZELCREST,3200,52953
ESTADO DE MÉXICO,CUAUTITLÁN IZCALLI,INDEPENDENCE,68,54765
ESTADO DE MÉXICO,COACALCO DE BERRIOZÁBAL,HAZELCREST,50657,55720
ESTADO DE MÉXICO,ACULCO,MICHIGAN,1,50370
ESTADO DE MÉXICO,VALLE DE BRAVO,VIDON,586,51200
ESTADO DE MÉXICO,EL ORO,COLUMBUS,4010,50625
ESTADO DE MÉXICO,IXTLAHUACA,LOTHEVILLE,3810,50773
ESTADO DE MÉXICO,IXTAPAN DE LA SAL,BLACKBIRD,324,51933
ESTADO DE MÉXICO,EL ORO,LUDINGTON,93570,50635
ESTADO DE MÉXICO,CAPULHUAC,NORTHRIDGE,9,52714
ESTADO DE MÉXICO,COACALCO DE BERRIOZÁBAL,HAAS,74139,55726
ESTADO DE MÉXICO,TEPETLIXPA,BLUEJAY,5,56880
ESTADO DE MÉXICO,VILLA VICTORIA,CLARENDON,86333,50984
ESTADO DE MÉXICO,VALLE DE CHALCO SOLIDARIDAD,RIVERSIDE,978,56614
ESTADO DE MÉXICO,TLATLAYA,HAVEY,5680,51573
ESTADO DE MÉXICO,ZINACANTEPEC,ARIZONA,11,51355
ESTADO DE MÉXICO,TEXCALTITLÁN,FREMONT,23,51673
ESTADO DE MÉXICO,METEPEC,GLENDALE,802,52140
ESTADO DE MÉXICO,VILLA VICTORIA,NORTHRIDGE,95734,50987
ESTADO DE MÉXICO,OCUILAN,MERRICK,8,52495
ESTADO DE MÉXICO,ALMOLOYA DE JUÁREZ,SCHLIMGEN,0,50945
ESTADO DE MÉXICO,TEJUPILCO,LAKEWOOD,61,51436
ESTADO DE MÉXICO,LERMA,BARTILLON,0,52059
ESTADO DE MÉXICO,CHICOLOAPAN,DEBRA,10046,56376
ESTADO DE MÉXICO,OCOYOACAC,MAPLE,6511,52743
ESTADO DE MÉXICO,ZACUALPAN,TEXAS,5,51855
ESTADO DE MÉXICO,VILLA VICTORIA,OLD GATE,15068,50973
ESTADO DE MÉXICO,TLALMANALCO,MELBY,17,56700
ESTADO DE MÉXICO,TULTITLÁN,SUSAN,775,54930
ESTADO DE MÉXICO,CHIMALHUACÁN,AMERICAN ASH,0,56334
ESTADO DE MÉXICO,TEPOTZOTLÁN,WARNER,27,54655
ESTADO DE MÉXICO,OCUILAN,NORWAY MAPLE,77,52497
ESTADO DE MÉXICO,COATEPEC HARINAS,EAGAN,8001,51714
ESTADO DE MÉXICO,HUEHUETOCA,UPHAM,83,54685
ESTADO DE MÉXICO,VALLE DE BRAVO,LAUREL,6,51237
ESTADO DE MÉXICO,TEJUPILCO,HOLMBERG,2281,51412
ESTADO DE MÉXICO,TULTITLÁN,RED CLOUD,1,54930
ESTADO DE MÉXICO,SAN FELIPE DEL PROGRESO,FOREST DALE,104,50687
ESTADO DE MÉXICO,TLALNEPANTLA DE BAZ,CORRY,2,54033
ESTADO DE MÉXICO,IXTLAHUACA,JENIFER,9801,50780
ESTADO DE MÉXICO,TULTITLÁN,RIEDER,25,54933
ESTADO DE MÉXICO,COATEPEC HARINAS,CLYDE GALLAGHER,24622,51726
ESTADO DE MÉXICO,TENANGO DEL VALLE,POND,207,52316
ESTADO DE MÉXICO,NICOLÁS ROMERO,GROVER,1052,54460
ESTADO DE MÉXICO,ECATEPEC DE MORELOS,LEROY,5518,55050
ESTADO DE MÉXICO,TECÁMAC,BAYSIDE,99466,55755
ESTADO DE MÉXICO,TULTITLÁN,SAINT PAUL,59,54930
ESTADO DE MÉXICO,ATIZAPÁN DE ZARAGOZA,ATWOOD,10,52996
ESTADO DE MÉXICO,OTUMBA,COMMERCIAL,1036,55920
ESTADO DE MÉXICO,TEOLOYUCAN,SLOAN,39963,54783
ESTADO DE MÉXICO,TEJUPILCO,KENNEDY,1,51415
ESTADO DE MÉXICO,VILLA VICTORIA,DEREK,10878,50984
ESTADO DE MÉXICO,CUAUTITLÁN IZCALLI,CROWNHARDT,971,54769
ESTADO DE MÉXICO,TULTITLÁN,KIPLING,32316,54944
ESTADO DE MÉXICO,AMANALCO,3RD,151,51280
ESTADO DE MÉXICO,IXTAPAN DE LA SAL,HERMINA,47,51920
ESTADO DE MÉXICO,SAN FELIPE DEL PROGRESO,ARKANSAS,854,50697
ESTADO DE MÉXICO,COACALCO DE BERRIOZÁBAL,BARTELT,6,55713
ESTADO DE MÉXICO,LERMA,HOVDE,38601,52004
ESTADO DE MÉXICO,NAUCALPAN DE JUÁREZ,RAVEN,16,53140
ESTADO DE MÉXICO,TEJUPILCO,PEPPER WOOD,19974,51412
ESTADO DE MÉXICO,NICOLÁS ROMERO,CORDELIA,294,54463
ESTADO DE MÉXICO,ATLACOMULCO,BONNER,98581,50476
ESTADO DE MÉXICO,VALLE DE BRAVO,RAVEN,63,51238
ESTADO DE MÉXICO,ATLAUTLA,KEDZIE,13814,56979
ESTADO DE MÉXICO,TLALNEPANTLA DE BAZ,SHERMAN,5,54160
ESTADO DE MÉXICO,VALLE DE BRAVO,THOMPSON,5906,51225
ESTADO DE MÉXICO,TEXCALTITLÁN,CALYPSO,4299,51675
ESTADO DE MÉXICO,TEJUPILCO,CLEMONS,2747,51434
ESTADO DE MÉXICO,NEXTLALPAN,RUSKIN,6472,55790
ESTADO DE MÉXICO,TENANGO DEL VALLE,CARBERRY,2,52303
ESTADO DE MÉXICO,VALLE DE CHALCO SOLIDARIDAD,ARKANSAS,7,56619
ESTADO DE MÉXICO,TEMAMATLA,DUKE,81,56650
ESTADO DE MÉXICO,NICOLÁS ROMERO,GLENDALE,77,54476
ESTADO DE MÉXICO,TEPETLAOXTOC,CALYPSO,3238,56085
ESTADO DE MÉXICO,CHICOLOAPAN,HAAS,2,56386
ESTADO DE MÉXICO,NAUCALPAN DE JUÁREZ,PORTER,30,53126
ESTADO DE MÉXICO,TEMOAYA,MARCY,5,50867
ESTADO DE MÉXICO,JILOTEPEC,KIPLING,401,54253
ESTADO DE MÉXICO,ATIZAPÁN DE ZARAGOZA,BRICKSON PARK,39724,52940
ESTADO DE MÉXICO,ACOLMAN,LIEN,76,55875
ESTADO DE MÉXICO,HUEHUETOCA,GREEN,5768,54683
ESTADO DE MÉXICO,TOLUCA,CARIOCA,8952,50170
ESTADO DE MÉXICO,COACALCO DE BERRIOZÁBAL,3RD,121,55717
ESTADO DE MÉXICO,LERMA,EVERGREEN,5710,52059
