id_cliente,id_viaje,origen,destino,cargo
163,314,747 RUSKIN JUNCTION,057 MONICA TERRACE,
398,211,843 ANHALT CIRCLE,1 MAPLE WOOD PASS,
90,117,0801 CHEROKEE COURT,32610 MITCHELL POINT,
419,333,709 OLD GATE STREET,28282 GOLF PASS,
319,246,8 DELAWARE PLAZA,8573 MAYER PASS,
354,276,357 RUSKIN PLAZA,241 SULLIVAN STREET,
106,322,05358 DAVID CENTER,6 NORWAY MAPLE DRIVE,
111,89,533 RAMSEY JUNCTION,95 WELCH LANE,
435,298,9 GOLDEN LEAF STREET,8 DONALD COURT,
198,316,6 KATIE WAY,36 REINKE STREET,
208,115,72 BASIL CROSSING,9 RONALD REGAN ALLEY,
434,52,9 WELCH CIRCLE,08249 MENOMONIE HILL,
359,261,1 EAGAN PLAZA,44690 LARRY STREET,
162,413,401 LAKEWOOD PLAZA,83101 BURNING WOOD DRIVE,
234,62,255 LOOMIS CENTER,78 LAKELAND PLAZA,
435,303,327 OAK VALLEY PLACE,3849 BROWNING TRAIL,
477,426,7915 MALLORY PLAZA,2614 ARKANSAS POINT,
461,238,03832 DWIGHT TRAIL,49 CORBEN PARK,
327,292,1877 MARINERS COVE CROSSING,4 BLAINE STREET,
346,395,01722 MILWAUKEE ALLEY,10673 BOBWHITE PLACE,
366,475,15671 OAK VALLEY TERRACE,92 MELVIN ALLEY,
38,97,59 CORBEN LANE,6 GRAYHAWK DRIVE,
445,262,00 SUTTERIDGE ROAD,7 WESTEND AVENUE,
238,460,37779 ACKER PLACE,1287 PAGET TRAIL,
417,19,65 MONUMENT PARK,04 JUDY POINT,
269,73,532 BUNKER HILL ROAD,02112 SHASTA HILL,
117,474,27684 RYAN DRIVE,9 SACHS STREET,
26,273,834 MAPLE WOOD CENTER,496 BASHFORD POINT,
422,388,208 CALIANGT CROSSING,6 FARWELL PLACE,
175,94,099 SCHOOL AVENUE,2 BASIL CROSSING,
11,408,6 STARLING CENTER,7720 GREEN RIDGE WAY,
354,133,813 NANCY STREET,434 MOSINEE TERRACE,
341,463,33656 ROCKEFELLER COURT,38 MACPHERSON COURT,
57,97,37301 VERNON ALLEY,238 COMANCHE ROAD,
335,13,528 NANCY TERRACE,666 NORTHFIELD TRAIL,
431,78,75 LITTLE FLEUR ROAD,08 MOLAND PARKWAY,
331,208,9 GOODLAND JUNCTION,9 LOOMIS ROAD,
159,479,28382 HOLLOW RIDGE ROAD,78 PANKRATZ ALLEY,
469,342,5380 MENOMONIE PARKWAY,198 JOHN WALL CROSSING,
3,297,74929 HAVEY AVENUE,063 DELAWARE PLAZA,
312,229,03238 WESTPORT HILL,49 LILLIAN LANE,
283,20,4146 NAMEKAGON CROSSING,688 THIERER CROSSING,
437,197,71894 UPHAM STREET,0282 LUKKEN JUNCTION,
490,422,2 ALGOMA PASS,1 SCHLIMGEN ALLEY,
416,197,9431 BARBY TERRACE,2 MARINERS COVE DRIVE,
197,267,3 MALLARD CIRCLE,5180 MOCKINGBIRD ALLEY,
476,205,300 MANITOWISH PLACE,9 GRIM COURT,
287,482,37 OLD SHORE DRIVE,19769 LYONS WAY,
400,143,0590 FARRAGUT COURT,8568 RIDGEWAY HILL,
28,76,65772 LAUREL JUNCTION,5459 FOREST RUN WAY,
121,460,35 OHIO LANE,861 1ST DRIVE,
148,469,98085 SUNFIELD CROSSING,2 BECKER PLAZA,
469,458,7007 COTTONWOOD ROAD,6159 WEEPING BIRCH PARKWAY,
322,192,9101 KINSMAN PARK,461 CHARING CROSS CENTER,
363,389,68771 TWIN PINES COURT,68047 DAHLE ALLEY,
147,382,2 MUIR WAY,68418 MORROW PLACE,
303,315,83448 CREST LINE ROAD,218 DUKE PLAZA,
198,291,36 SACHTJEN ROAD,30765 JENNA JUNCTION,
113,319,23895 AMERICAN ASH STREET,2095 BADEAU DRIVE,
118,303,7 MARQUETTE COURT,94 MIFFLIN DRIVE,
264,7,60140 ATWOOD PLACE,8709 SHASTA CENTER,
236,256,74 2ND COURT,1 VERMONT PASS,
68,36,6 DELAWARE STREET,70199 BOWMAN CROSSING,
141,200,83243 UNION PASS,86887 STUART CENTER,
207,94,8 CHINOOK JUNCTION,62790 BROWNING CROSSING,
419,173,21655 ROTH CIRCLE,6409 NELSON COURT,
121,413,278 DAYSTAR TRAIL,136 MEADOW RIDGE WAY,
236,321,1537 REINKE LANE,31 MONICA CIRCLE,
227,98,5078 IOWA AVENUE,94 POND TERRACE,
226,84,7271 WESTRIDGE STREET,2 1ST PARK,
23,294,7 VICTORIA AVENUE,70228 NELSON JUNCTION,
58,26,82925 WESTEND COURT,21142 MARYLAND CIRCLE,
421,62,242 OLD GATE STREET,9 HAYES CIRCLE,
97,271,5 KATIE STREET,543 GRANBY TERRACE,
29,390,01 OLD GATE AVENUE,93 SUSAN TERRACE,
186,93,65 ELIOT POINT,2 GRAEDEL COURT,
146,226,055 FREMONT TERRACE,1 BLUE BILL PARK PASS,
442,397,50794 GATEWAY TERRACE,5511 WEEPING BIRCH CIRCLE,
206,189,211 CLYDE GALLAGHER DRIVE,77 SHERIDAN AVENUE,
449,341,5 GOLF COURSE PASS,01402 MANITOWISH CENTER,
477,64,71044 BROWN HILL,38 HAGAN CROSSING,
440,484,482 CALIANGT STREET,0043 HOEPKER LANE,
441,341,0544 CORBEN CIRCLE,60800 COLORADO CROSSING,
32,396,6 MANUFACTURERS HILL,79 DEREK PARK,
160,357,460 OAK VALLEY PARKWAY,60056 PAWLING PLACE,
159,277,0122 ELMSIDE CROSSING,76604 MONTANA PASS,
450,200,86807 CORSCOT PARKWAY,4411 PRENTICE PARKWAY,
330,256,85516 CARIOCA ALLEY,691 STRAUBEL PARKWAY,
294,323,74902 SUMMIT POINT,2264 GLACIER HILL WAY,
81,365,428 BRICKSON PARK COURT,45911 BUNTING PASS,
269,133,48 BIRCHWOOD PARK,91298 PRAIRIE ROSE CIRCLE,
295,392,210 PARKSIDE WAY,03 GREEN RIDGE STREET,
44,264,2893 MOLAND AVENUE,53 SHASTA ALLEY,
184,192,5 MAYFIELD CENTER,66 SUNDOWN PLAZA,
184,458,9139 POND LANE,873 NORWAY MAPLE TRAIL,
34,295,4099 KINSMAN AVENUE,9 EASTWOOD JUNCTION,
135,302,6114 GLENDALE CIRCLE,4 MANITOWISH TRAIL,
409,271,157 UPHAM HILL,4433 BUENA VISTA PLAZA,
435,419,929 UNION PASS,5495 NANCY ROAD,
479,38,7 LYONS PASS,62 CLAREMONT PARKWAY,
218,385,831 KENWOOD COURT,8905 FAIRFIELD POINT,
23,431,71 KIM LANE,81475 PRAIRIEVIEW COURT,
482,327,174 GOLF ROAD,0605 CORBEN HILL,
391,367,2 KENWOOD TERRACE,4 GALE STREET,
171,369,65569 VERA LANE,4 ARAPAHOE PASS,
213,37,16933 DUKE WAY,6388 LONDONDERRY TRAIL,
360,408,731 DUNNING PASS,6945 GLACIER HILL COURT,
443,414,5 EASTLAWN POINT,033 DAWN POINT,
82,45,582 CARDINAL PARKWAY,78 ARMISTICE WAY,
214,214,33897 SERVICE PARKWAY,10125 SULLIVAN POINT,
439,290,653 EXPRESS CIRCLE,633 HOOKER COURT,
398,387,2 SOMMERS PARKWAY,53186 MALLARD CIRCLE,
231,462,6432 HEATH CROSSING,6484 TALMADGE PARK,
79,391,394 ESCH CENTER,20443 PORTER PARKWAY,
430,8,92 MARINERS COVE TRAIL,1586 KENNEDY TERRACE,
409,493,37 CARIOCA CROSSING,640 BADEAU TERRACE,
440,83,043 ELKA TERRACE,61 MOSINEE JUNCTION,
234,243,4 PARK MEADOW PARKWAY,51277 ARROWOOD TERRACE,
205,5,7214 STARLING PLACE,848 MONICA HILL,
415,117,6 VERA ALLEY,6965 SUNDOWN COURT,
345,1,8502 DAYTON WAY,999 WAYRIDGE CIRCLE,
322,284,7 LIGHTHOUSE BAY TERRACE,04665 PARKSIDE TRAIL,
169,185,1422 SUNDOWN PLAZA,842 DOTTIE PLACE,
432,107,7874 GRASSKAMP TERRACE,33005 DAKOTA TRAIL,
391,189,585 HAZELCREST PLAZA,4084 KENWOOD LANE,
442,496,128 SOUTH CENTER,74595 MESSERSCHMIDT PARK,
435,474,643 LEROY DRIVE,1752 CORRY ROAD,
79,100,253 CLARENDON AVENUE,27 BONNER TRAIL,
488,478,5976 SUTTERIDGE PARK,5 3RD CROSSING,
262,108,26837 COOLIDGE PLAZA,76720 BEILFUSS COURT,
112,364,730 GRASSKAMP JUNCTION,46310 QUINCY PLAZA,
312,174,2140 MOULTON CENTER,11 ARKANSAS CIRCLE,
424,487,27 FALLVIEW CROSSING,71908 KARSTENS WAY,
59,380,0 STARLING WAY,7072 CALIANGT TERRACE,
244,98,210 SUSAN WAY,407 RUSKIN COURT,
76,472,11610 TENNESSEE COURT,940 LEROY ALLEY,
166,399,8 TWIN PINES CROSSING,82 KENNEDY TRAIL,
85,51,71 SHOPKO LANE,5 GLACIER HILL LANE,
375,126,071 VAHLEN COURT,0 EGGENDART WAY,
113,270,50 BOYD COURT,0362 ROTH PARKWAY,
266,381,09136 ANTHES TRAIL,1 ARTISAN HILL,
164,184,37402 BUNKER HILL PARK,0844 AMOTH JUNCTION,
442,385,935 ANDERSON PARKWAY,8131 VILLAGE ROAD,
97,336,5070 JENIFER COURT,31 KEDZIE JUNCTION,
343,443,4076 SCHLIMGEN PLAZA,956 MORROW STREET,
406,377,3 HOOKER JUNCTION,31500 CARDINAL CROSSING,
414,178,76 VIDON HILL,226 WESTEND ROAD,
159,374,1 KENWOOD PASS,0 GRASSKAMP PASS,
8,240,2 UPHAM CROSSING,02 PORTAGE PLAZA,
403,154,74581 FAIRVIEW PARK,228 BROWN ALLEY,
230,208,47352 PARK MEADOW WAY,1 LOOMIS ROAD,
82,269,05 LOFTSGORDON PASS,70809 ORIOLE LANE,
359,191,94332 GRASSKAMP WAY,094 DUKE CIRCLE,
86,494,94 EAGAN LANE,34 QUINCY COURT,
88,27,7 RED CLOUD LANE,932 NORTHVIEW TERRACE,
21,423,62577 GOLDEN LEAF ALLEY,34986 REINDAHL JUNCTION,
150,242,51591 LINDBERGH CENTER,23938 TENNYSON PLAZA,
467,241,42 SAGE CENTER,3300 GLENDALE CROSSING,
228,116,4 DI LORETO CIRCLE,983 BUENA VISTA PARKWAY,
173,315,8 LUKKEN AVENUE,2631 DAKOTA TERRACE,
137,192,26 DONALD WAY,08 BAY PARK,
101,261,5 2ND PLAZA,851 BAYSIDE PLACE,
235,218,50522 REINDAHL CROSSING,687 MILWAUKEE TERRACE,
148,483,369 SCHILLER LANE,1 TWIN PINES WAY,
123,308,6190 ARMISTICE WAY,6 THACKERAY POINT,
379,378,22332 RUSKIN CIRCLE,275 WAYRIDGE TRAIL,
318,386,9 TENNYSON TRAIL,70949 CARIOCA CROSSING,
467,258,509 SPENSER CIRCLE,56193 COOLIDGE STREET,
117,169,1 PINE VIEW PLAZA,88206 ELKA PASS,
106,232,0 BOWMAN PARKWAY,7 NORTHFIELD CIRCLE,
489,306,0 UNION LANE,2110 ONEILL LANE,
443,445,2830 STRAUBEL PARK,7215 WAUBESA PLACE,
289,77,0 VALLEY EDGE DRIVE,43 LONDONDERRY TRAIL,
64,65,63 AMERICAN TRAIL,4 SCHILLER ROAD,
387,335,40971 NORTHRIDGE TERRACE,95 MEMORIAL LANE,
186,191,602 SUTHERLAND ROAD,14 SPRINGVIEW PLACE,
498,362,08114 KATIE CENTER,4 RIEDER ROAD,
325,75,78052 DEREK HILL,47799 BAYSIDE HILL,
486,204,8661 WESTPORT PARKWAY,29 ILENE HILL,
174,445,39 AMOTH PLAZA,84834 CROWLEY JUNCTION,
25,325,026 TWIN PINES LANE,023 CASCADE DRIVE,
275,236,3 RUSK PARK,9 BOYD AVENUE,
244,109,60608 ARAPAHOE COURT,876 TENNYSON JUNCTION,
252,312,04385 ANNIVERSARY JUNCTION,148 BARTELT PLACE,
492,60,4121 BAY POINT,101 CARBERRY DRIVE,
390,200,27 SACHTJEN HILL,809 BUTTERFIELD PARKWAY,
104,12,2 CAMBRIDGE LANE,2 ARAPAHOE LANE,
138,388,05936 LOOMIS HILL,4483 CALIANGT STREET,
330,38,50732 LONDONDERRY PLACE,25 STARLING JUNCTION,
255,273,6171 HUXLEY PLAZA,56942 NEVADA STREET,
6,266,7 CLEMONS COURT,3 BASIL WAY,
39,102,414 LAKEWOOD PLACE,36 SCOTT TRAIL,
287,321,82749 MALLARD STREET,56 SWALLOW CROSSING,
122,497,47323 BUNKER HILL TRAIL,09839 MUIR HILL,
173,375,5 SUNFIELD ROAD,17831 BEILFUSS JUNCTION,
52,488,271 SUNBROOK WAY,4 OLD GATE JUNCTION,
398,287,71 SUNFIELD ALLEY,16906 SYCAMORE JUNCTION,
181,283,0 EASTWOOD PARKWAY,6 OHIO HILL,
189,452,37512 HOOKER AVENUE,80 JANA DRIVE,
356,348,4153 BADEAU ALLEY,400 FAIRFIELD PLACE,
118,171,04817 DOE CROSSING LANE,97786 BOBWHITE PASS,
331,435,6771 SCHMEDEMAN JUNCTION,49200 TONY POINT,
456,264,5 TWIN PINES ALLEY,984 CARIOCA COURT,
207,233,4 SULLIVAN PLAZA,837 ARTISAN ROAD,
178,187,5 MONUMENT PASS,82 DOE CROSSING POINT,
385,69,069 HUDSON AVENUE,0 STRAUBEL TERRACE,
36,83,0 SCOFIELD TERRACE,4002 BIRCHWOOD HILL,
281,48,9461 FULTON TERRACE,4131 SAINT PAUL TERRACE,
180,29,8593 BARTELT PLACE,869 BUHLER PLACE,
178,237,20202 SHASTA PARK,3727 EVERETT HILL,
297,337,7 EXPRESS PASS,5150 COLUMBUS JUNCTION,
307,364,5010 JAY AVENUE,13672 HERMINA LANE,
459,67,95 GERALD CENTER,30379 MITCHELL STREET,
80,478,278 MOCKINGBIRD DRIVE,5 STUART AVENUE,
410,326,8 BARBY ALLEY,9223 FORDEM CIRCLE,
157,306,86377 TWIN PINES WAY,0 HERMINA STREET,
327,7,712 NELSON COURT,2228 SHOSHONE POINT,
431,317,5 BARNETT WAY,9616 PRAIRIE ROSE TERRACE,
195,5,9332 EVERETT STREET,96 JOHNSON DRIVE,
57,463,37 TENNYSON CIRCLE,42183 BRIAR CREST WAY,
267,278,2 HERMINA AVENUE,7 KEDZIE ROAD,
12,5,3003 HARPER ALLEY,10 VERMONT JUNCTION,
344,407,52538 SCOFIELD STREET,38 BUNTING CENTER,
32,479,92 SERVICE DRIVE,163 EXPRESS STREET,
481,493,7 RUTLEDGE STREET,8 EGGENDART PARKWAY,
446,116,7774 PORTER CROSSING,730 SHOSHONE PASS,
8,254,6016 SULLIVAN PLACE,8050 HIGH CROSSING CIRCLE,
101,374,812 COTTONWOOD AVENUE,83452 GRAEDEL LANE,
85,116,04690 STARLING ROAD,7 MITCHELL WAY,
170,49,85 MORNINGSTAR CENTER,119 NOVA CENTER,
104,225,2536 CHIVE JUNCTION,7 FOREST DALE PLAZA,
144,34,7798 CHIVE TRAIL,2 BARTILLON TRAIL,
393,102,6 MITCHELL JUNCTION,2575 MALLARD PASS,
416,256,81 CHIVE CENTER,1332 LUDINGTON LANE,
186,335,183 LILLIAN STREET,2 CORRY PASS,
469,176,46677 VILLAGE GREEN WAY,32 3RD PARK,
294,125,72 ORIOLE TRAIL,5053 GOLF COURSE WAY,
27,52,2 BURROWS AVENUE,08480 MORROW ROAD,
415,291,7 HAAS ALLEY,6622 EVERGREEN CROSSING,
290,225,7 HELENA PLAZA,16862 FOREST DRIVE,
110,488,426 ROWLAND CROSSING,44920 BUENA VISTA COURT,
345,52,1003 ARMISTICE TERRACE,268 CHEROKEE CIRCLE,
262,142,44913 BRENTWOOD TRAIL,6 TONY TERRACE,
241,275,790 SUGAR AVENUE,75 PEPPER WOOD PARK,
396,469,347 PEPPER WOOD DRIVE,15 PAWLING LANE,
327,393,00 CARPENTER ALLEY,68467 NAMEKAGON CIRCLE,
101,452,28428 LAKELAND LANE,0 NORTHLAND CROSSING,
111,299,49 CARDINAL DRIVE,045 PAGET STREET,
349,309,0931 WAYWOOD CIRCLE,1 DEBS WAY,
175,459,78050 COMMERCIAL AVENUE,05497 MONICA TRAIL,
43,253,234 DAYSTAR PASS,32 MOCKINGBIRD TRAIL,
487,471,84 LOFTSGORDON JUNCTION,2931 BADEAU PARKWAY,
239,447,06 HEATH WAY,8 PINE VIEW ROAD,
197,208,8207 BUNTING AVENUE,1 DRYDEN STREET,
430,76,8776 WAUBESA PASS,3389 MARYLAND LANE,
450,70,6808 JANA JUNCTION,04887 PETTERLE STREET,
129,494,7 BOWMAN ALLEY,840 SCHOOL TERRACE,
261,5,75308 STEPHEN PASS,9702 MANDRAKE PLACE,
227,341,53988 MEADOW VALLEY POINT,7998 HOMEWOOD POINT,
55,17,8 HARPER JUNCTION,1 MCBRIDE WAY,
214,254,070 COLORADO AVENUE,9 BROWNING TERRACE,
474,474,963 BOYD PLACE,7 LERDAHL HILL,
154,216,7 MERRY PARK,037 BIRCHWOOD ROAD,
287,22,1 GOLDEN LEAF TRAIL,4013 GARRISON PLACE,
135,182,6941 CALYPSO PASS,7 WARRIOR STREET,
494,150,7501 TENNESSEE PLAZA,2 DAVID AVENUE,
387,303,4 GALE HILL,440 GLACIER HILL POINT,
138,443,186 WEST ROAD,04 WESTPORT WAY,
4,31,3 PANKRATZ JUNCTION,920 ARMISTICE WAY,
455,307,61624 CHEROKEE PARK,441 FARRAGUT CIRCLE,
170,123,36442 NELSON STREET,9635 WARNER TRAIL,
254,206,60237 GRANBY PLAZA,818 MOOSE CROSSING,
159,147,83099 LILLIAN TRAIL,2 PACKERS HILL,
181,285,174 HELENA CENTER,97810 WAUBESA AVENUE,
70,172,652 ALGOMA TERRACE,9 MOULTON STREET,
37,240,5 DUNNING CENTER,8430 CLYDE GALLAGHER PARK,
64,141,2 FARWELL CENTER,9 BEILFUSS PASS,
456,230,9 OLD GATE PLACE,377 VERNON TRAIL,
22,436,04728 CORSCOT CIRCLE,61 BARBY CIRCLE,
349,161,122 EVERGREEN LANE,420 BASHFORD CROSSING,
197,375,6 CARPENTER STREET,3929 MANITOWISH PASS,
133,270,4 NORTHRIDGE ROAD,134 FARRAGUT STREET,
361,443,222 RUSKIN PLACE,31141 SUNDOWN JUNCTION,
53,277,2519 RUSK HILL,43 FREMONT PLAZA,
396,299,8147 MCBRIDE CIRCLE,26 GROVER POINT,
321,243,9081 BULTMAN CIRCLE,1818 RIDGEVIEW PARKWAY,
94,425,5934 BUTTERNUT ROAD,02 CAREY PARK,
131,136,52176 LUDINGTON CROSSING,81993 NORTHRIDGE CENTER,
320,463,2 UPHAM POINT,5 WESTPORT PLACE,
268,484,75684 NORTH COURT,494 ANHALT AVENUE,
467,59,5 TWIN PINES PLAZA,47 DAYSTAR ALLEY,
452,245,01 CARDINAL PLAZA,252 MAPLE WOOD STREET,
273,77,36174 SUMMER RIDGE HILL,46565 INDEPENDENCE PASS,
492,345,76 MARCY ALLEY,848 CRESCENT OAKS PARK,
149,416,0770 SPAIGHT LANE,1 PETTERLE JUNCTION,
265,312,655 SPAIGHT PLACE,00824 HOEPKER PARK,
401,258,050 KENWOOD CENTER,01 ONEILL PASS,
51,195,52557 HOARD CROSSING,9348 MICHIGAN TRAIL,
310,253,5899 GRAYHAWK PARK,735 PIERSTORFF COURT,
296,487,286 LOOMIS PLACE,4288 VAHLEN TERRACE,
396,18,566 AMERICAN ASH HILL,520 CLYDE GALLAGHER PLAZA,
497,487,191 RUSSELL ROAD,08296 RAMSEY ROAD,
122,221,45938 NOVA CIRCLE,1 TENNYSON PARK,
110,99,41 PIERSTORFF WAY,9118 CROWLEY TRAIL,
7,293,3521 VERMONT ROAD,33 EGGENDART POINT,
396,235,50599 NEW CASTLE CENTER,321 RIGNEY CROSSING,
190,260,7 CANARY DRIVE,70034 TALMADGE WAY,
84,41,7862 MACPHERSON TRAIL,8024 NORWAY MAPLE CENTER,
499,161,6464 TONY AVENUE,6605 VEITH WAY,
135,263,85 NOBEL CIRCLE,2 NANCY PARK,
198,345,16462 MAYWOOD POINT,54 ALGOMA TERRACE,
250,321,050 ANNAMARK TERRACE,66425 COLORADO ALLEY,
130,82,59701 LIGHTHOUSE BAY PLAZA,8 BROWNING AVENUE,
60,175,8 CARPENTER CENTER,51127 HOEPKER ROAD,
271,315,24 DELLADONNA CENTER,08 NANCY CENTER,
416,314,0211 ARAPAHOE WAY,09 FULLER PLACE,
460,395,2 BIRCHWOOD DRIVE,01 MICHIGAN DRIVE,
118,98,353 NOVICK CROSSING,72 EVERGREEN COURT,
371,115,2054 DELLADONNA CENTER,7 ROXBURY PLAZA,
63,230,22 OHIO CROSSING,696 KATIE COURT,
32,252,74 KNUTSON POINT,15543 NORWAY MAPLE STREET,
277,429,504 TONY PLAZA,381 SUNBROOK STREET,
21,63,3 WEEPING BIRCH ROAD,6179 KEDZIE HILL,
227,130,918 MCCORMICK AVENUE,04 SCHURZ CENTER,
158,408,8 CLYDE GALLAGHER TRAIL,5 LAKE VIEW PASS,
114,433,73987 PAWLING LANE,63 DEBS AVENUE,
154,341,021 PARKSIDE PARK,5341 HERMINA ALLEY,
420,103,755 TALMADGE STREET,57 SHERMAN TERRACE,
156,128,78 MERRY POINT,13105 ONSGARD PARKWAY,
232,158,3 KINGSFORD ROAD,06 RED CLOUD STREET,
262,161,74468 TROY CIRCLE,73 JACKSON ALLEY,
496,267,5578 SCOFIELD ROAD,90212 BURNING WOOD JUNCTION,
419,384,2125 LONGVIEW PARKWAY,06 SUTHERLAND PARKWAY,
32,141,557 WAXWING LANE,3 HOVDE LANE,
70,73,20262 DUNNING HILL,996 HEATH CROSSING,
312,396,5603 VERMONT CENTER,83292 OAK POINT,
215,154,7 HAVEY CIRCLE,5 LIGHTHOUSE BAY PLAZA,
419,10,0 CANARY JUNCTION,57836 GREEN LANE,
45,221,931 KENNEDY STREET,3 NORTHFIELD WAY,
164,475,954 STRAUBEL CIRCLE,20 AMERICAN ASH ROAD,
473,192,891 OXFORD ROAD,2 OLD SHORE PARK,
99,103,3 MARCY POINT,456 BROWN DRIVE,
274,152,726 CORBEN CENTER,4665 PANKRATZ CIRCLE,
389,432,787 KINSMAN WAY,2 MARYLAND PLACE,
410,358,96 HAGAN LANE,9 DENNIS PARK,
101,357,5 UNION JUNCTION,0896 HELENA AVENUE,
177,139,73443 MAYWOOD JUNCTION,9475 BLACKBIRD CIRCLE,
322,205,9197 RANDY JUNCTION,37584 EVERETT STREET,
2,249,47 ALPINE ALLEY,09 KENWOOD TERRACE,
146,18,75 LOTHEVILLE PARK,89912 WESTPORT PLAZA,
55,181,26059 7TH ROAD,2070 FLORENCE ROAD,
29,1,5 SPAIGHT CENTER,867 TOBAN LANE,
134,499,70215 HANSONS CROSSING,5 KEDZIE STREET,
172,34,25543 MONTANA ALLEY,0829 MESTA POINT,
451,269,91449 ILENE WAY,02636 ESCH WAY,
113,234,424 BELLGROVE COURT,04 SOMMERS PLAZA,
253,446,73530 LOGAN COURT,78 CARPENTER PLAZA,
188,481,687 THACKERAY TERRACE,1345 FORSTER PLACE,
399,428,82020 CROWLEY PLAZA,8 RIVERSIDE TRAIL,
265,199,78 HAGAN AVENUE,235 LARRY PASS,
99,338,63 SUTTERIDGE TRAIL,880 SAUTHOFF LANE,
293,224,905 BAY STREET,728 PACKERS HILL,
304,16,0600 KNUTSON ROAD,87 NEW CASTLE PARK,
224,284,5237 LOFTSGORDON POINT,572 SUTHERLAND CIRCLE,
448,8,87 MILLER WAY,1507 CHEROKEE ALLEY,
314,201,92653 JOHN WALL AVENUE,619 VAHLEN STREET,
273,290,53 ATWOOD PASS,51 RED CLOUD PASS,
352,446,07 CORDELIA PARK,3 HERMINA TRAIL,
490,376,7 FOREST RUN ALLEY,48007 BLACKBIRD JUNCTION,
143,65,9 MYRTLE DRIVE,2 WESTEND ALLEY,
142,20,8 DAHLE DRIVE,3 NORWAY MAPLE ALLEY,
246,102,81 MERCHANT WAY,7628 MANITOWISH CIRCLE,
500,276,45 MARYLAND HILL,1 MELODY PLAZA,
421,212,10 RIDGE OAK DRIVE,0845 STARLING ROAD,
485,135,67262 MUIR PASS,2 ALMO PLACE,
439,356,18413 NOBEL LANE,4 GINA PARKWAY,
225,442,1 WAUBESA HILL,3668 MACPHERSON HILL,
422,166,95 NANCY PASS,31228 PACKERS CIRCLE,
223,365,025 KILLDEER HILL,424 BUENA VISTA DRIVE,
118,299,256 KENWOOD WAY,5119 MAYWOOD PLACE,
229,56,1496 VICTORIA PASS,4 FULLER ALLEY,
498,356,06 SPENSER WAY,5 DOE CROSSING STREET,
63,490,5739 MAYWOOD CROSSING,76 BECKER CIRCLE,
372,199,1771 LOEPRICH WAY,560 WAXWING CROSSING,
112,57,14 WESTPORT WAY,82 OLD GATE HILL,
173,171,12 EAGAN PASS,6 HIGH CROSSING CIRCLE,
159,46,336 SPENSER WAY,07 CLEMONS POINT,
476,114,8 ALMO PARK,7 DAVID DRIVE,
74,164,8 DARWIN ALLEY,64 ARIZONA COURT,
209,412,6 DREWRY STREET,40416 WESTERFIELD CENTER,
209,113,8 HAGAN WAY,7 SACHS COURT,
149,88,2 CAREY LANE,14948 NORTHRIDGE PLACE,
44,88,76568 PARKSIDE CIRCLE,98 RONALD REGAN TERRACE,
76,134,3482 FARMCO JUNCTION,755 BONNER PASS,
5,494,8461 4TH CROSSING,3 MEADOW VALE ALLEY,
361,384,62 NOVICK ALLEY,6 ELMSIDE CROSSING,
15,49,73692 JOHN WALL CIRCLE,15 GOODLAND AVENUE,
463,112,50 LAKE VIEW PASS,963 BANDING DRIVE,
499,264,615 BARTELT PLACE,08 EAGAN PARK,
73,407,20648 HAGAN AVENUE,6489 DUNNING HILL,
215,142,60967 BLUEJAY ALLEY,1 ARROWOOD CROSSING,
432,330,316 COTTONWOOD DRIVE,09 ARTISAN JUNCTION,
464,325,3179 NOBEL TERRACE,1 MALLORY TERRACE,
467,33,93 MCBRIDE ROAD,43661 ARIZONA CIRCLE,
97,193,23982 PAGET TRAIL,6591 MONTEREY CENTER,
313,93,3380 CORRY ALLEY,241 SERVICE TRAIL,
205,439,0545 WAYRIDGE WAY,14 ELMSIDE CENTER,
194,336,8244 BUNTING TRAIL,14 PEPPER WOOD CIRCLE,
361,131,25 BUELL COURT,2 SAINT PAUL AVENUE,
215,343,6 MITCHELL CROSSING,07789 PEARSON PASS,
425,279,00986 ANZINGER HILL,44904 ORIN DRIVE,
243,23,9103 SWALLOW WAY,51 GRASSKAMP WAY,
446,273,53 KINSMAN ROAD,67414 UNION CENTER,
335,253,2865 REINKE WAY,60407 PEPPER WOOD CENTER,
374,104,7736 KROPF TERRACE,2410 EXPRESS WAY,
171,443,14175 FOREST DALE PLACE,5405 BELLGROVE DRIVE,
404,385,5 ESCH LANE,106 BIRCHWOOD CENTER,
149,459,942 PETTERLE ROAD,13 DEXTER JUNCTION,
298,99,06 EASTLAWN DRIVE,80359 HOEPKER HILL,
97,211,86408 GOLF COURSE AVENUE,9 TOMSCOT PASS,
131,473,7940 MEADOW VALLEY CENTER,76 COLORADO POINT,
411,98,36 HUXLEY AVENUE,64259 BURROWS ROAD,
68,300,53833 CRESCENT OAKS TERRACE,166 ARKANSAS CROSSING,
413,467,28 PIERSTORFF JUNCTION,287 SOUTH DRIVE,
109,321,9 CROWLEY WAY,1 SUMMERVIEW TERRACE,
91,272,6912 LUNDER PLACE,5 PARK MEADOW STREET,
91,436,4 GRIM WAY,7897 WESTPORT CIRCLE,
10,159,47653 ALGOMA LANE,1103 RIDGEWAY ROAD,
413,353,7080 ORIN COURT,763 NAMEKAGON AVENUE,
332,135,110 MEADOW VALE PASS,31 BONNER PARK,
132,199,1 MCCORMICK PARK,4776 LOEPRICH PLAZA,
66,175,592 BOWMAN CROSSING,7327 CROWNHARDT JUNCTION,
59,396,87503 MUIR POINT,3 DEL MAR CIRCLE,
357,290,3095 RUSSELL PLACE,84 BADEAU CROSSING,
35,7,05 LAUREL STREET,36 MARINERS COVE WAY,
239,60,043 DARWIN JUNCTION,81 KROPF COURT,
85,435,26 THOMPSON PARKWAY,155 ARKANSAS CENTER,
6,408,9108 NORWAY MAPLE WAY,141 ANDERSON WAY,
250,250,3 ANZINGER ROAD,654 NORTHLAND TERRACE,
462,271,0 NAMEKAGON PARK,46 MORNINGSTAR ROAD,
422,17,14205 GALE CIRCLE,15 FOREST RUN HILL,
324,411,810 NANCY PARK,4 RYAN DRIVE,
397,171,4 PRAIRIE ROSE CIRCLE,31 DEXTER COURT,
414,280,06 HOLMBERG PLAZA,34824 HOFFMAN WAY,
171,163,0258 HOMEWOOD ROAD,18 EASTWOOD ALLEY,
488,176,965 KIM COURT,1176 SCOTT COURT,
125,128,7591 ROTH TERRACE,6 KIM POINT,
84,190,23838 RIDGEWAY AVENUE,10607 DAVID WAY,
482,281,2 MYRTLE TERRACE,583 FAIRFIELD STREET,
273,15,04382 SPRINGVIEW POINT,38 CAREY HILL,
416,448,4 CAREY PLACE,31 KROPF AVENUE,
109,18,1 RIDGEVIEW POINT,38 MOOSE LANE,
258,331,65533 BAYSIDE PLACE,5 RED CLOUD LANE,
48,15,446 LOTHEVILLE POINT,977 MILLER CROSSING,
461,119,259 CANARY POINT,4 ROCKEFELLER STREET,
403,437,008 IOWA JUNCTION,7449 HOLLOW RIDGE TERRACE,
20,88,3 ANDERSON PARK,89 THIERER PLACE,
59,424,1 ARROWOOD PARK,91763 VIDON TRAIL,
255,406,58087 TOMSCOT CENTER,06 HANOVER WAY,
78,124,018 DRYDEN PARK,280 REINDAHL ALLEY,
84,143,9 BLUE BILL PARK POINT,17401 DECLARATION PLACE,
130,306,570 KINGS CENTER,05581 HUDSON AVENUE,
208,37,69242 GLENDALE CIRCLE,4 SUPERIOR TERRACE,
4,410,477 ANHALT ALLEY,88088 FAIRVIEW ALLEY,
128,252,04 GRAEDEL STREET,73 SCOTT PARK,
376,285,87893 DIVISION AVENUE,371 GALE ROAD,
96,93,42387 AUTUMN LEAF PARK,4310 DEBRA LANE,
436,366,01138 WALTON DRIVE,76 DOE CROSSING TERRACE,
140,439,83911 OLD GATE CENTER,061 JAY CENTER,
129,471,09587 PEPPER WOOD POINT,225 7TH PARKWAY,
480,111,767 MONICA CROSSING,33045 LOEPRICH HILL,
162,468,32457 BELLGROVE TERRACE,4 NORTH CENTER,
106,412,563 MOULTON WAY,274 ALPINE STREET,
211,10,6 SHOSHONE WAY,3 LOTHEVILLE PARK,
179,112,5945 FORDEM COURT,67380 BIRCHWOOD COURT,
470,329,3 MEADOW VALLEY PLACE,20 MONICA DRIVE,
286,307,1638 HOEPKER AVENUE,2 SUTHERLAND JUNCTION,
186,267,599 PLEASURE DRIVE,07 ANNIVERSARY LANE,
420,111,53 TOBAN CROSSING,830 SCHLIMGEN DRIVE,
454,14,98357 DOE CROSSING PLACE,0 SAGE PARK,
331,40,34134 RIGNEY COURT,4673 FALLVIEW ALLEY,
54,469,540 WESTERFIELD POINT,3 HALLOWS COURT,
297,344,57711 DIXON PARK,2 4TH AVENUE,
140,308,9364 MESSERSCHMIDT ROAD,692 SHERIDAN PARK,
201,445,21165 WESTERFIELD PARK,24255 COLUMBUS LANE,
166,468,00114 CALYPSO CENTER,4443 WESTPORT PLAZA,
160,377,34 HOVDE LANE,5100 SHOSHONE CROSSING,
38,206,35872 WELCH POINT,316 PRAIRIE ROSE LANE,
42,381,3396 SURREY TRAIL,49 STOUGHTON TRAIL,
291,335,85513 GARRISON STREET,73 SHOSHONE WAY,
137,267,90197 UTAH ALLEY,39 STEPHEN JUNCTION,
77,379,47 HOARD PLAZA,8551 SHERIDAN ALLEY,
128,369,6 ALGOMA STREET,000 KILLDEER ALLEY,
41,260,818 SCHOOL JUNCTION,8 ORIN LANE,
162,53,83950 ARROWOOD HILL,8614 HOLLOW RIDGE POINT,
67,266,40349 CLEMONS WAY,9673 HAZELCREST CROSSING,
432,87,6749 NORTHWESTERN ROAD,811 JANA COURT,
459,199,0577 DAPIN LANE,23386 DEBS ALLEY,
449,245,46 ORIN WAY,68570 DEXTER PASS,
256,215,8693 CONTINENTAL AVENUE,264 LOOMIS TRAIL,
241,129,3 KINGSFORD AVENUE,7071 MARYLAND DRIVE,
463,466,3300 CROWNHARDT TERRACE,3 GRACELAND COURT,
23,207,333 COLUMBUS CENTER,056 VERNON JUNCTION,
268,455,3043 CHINOOK ALLEY,75 EVERETT PARKWAY,
264,201,88 OHIO HILL,1742 TENNESSEE CROSSING,
337,102,51914 REINDAHL CIRCLE,9 NANCY CROSSING,
54,24,36 BLUESTEM PASS,6061 HOARD ALLEY,
320,53,92758 PORTER ROAD,91073 JAY PASS,
80,92,8218 ARIZONA TRAIL,657 COOLIDGE TERRACE,
280,174,7 STANG PLACE,62724 ARAPAHOE CROSSING,
360,154,634 TOBAN DRIVE,1938 RAVEN PLACE,
338,232,5 FISK TERRACE,15 TOMSCOT PLAZA,
318,70,9 IOWA PLACE,583 HOLLOW RIDGE ROAD,
81,345,8699 COLEMAN STREET,4 SLOAN PARK,
130,401,50285 SAGE POINT,8294 JAY CROSSING,
414,275,584 MORNINGSTAR CROSSING,85 STARLING POINT,
109,431,6 GOODLAND COURT,137 OAKRIDGE LANE,
270,133,9546 SPRINGVIEW WAY,0 HOLY CROSS PLAZA,
340,145,50373 HANOVER TERRACE,4280 RIDGE OAK AVENUE,
26,453,4 FAIRFIELD ROAD,6 KENWOOD CIRCLE,
398,205,01870 SCOFIELD LANE,565 PORTER JUNCTION,
160,52,39578 SACHS JUNCTION,174 ANDERSON CROSSING,
280,71,3076 MONTEREY WAY,007 HOLLOW RIDGE JUNCTION,
70,278,4401 SAUTHOFF ALLEY,53 NORWAY MAPLE PASS,
105,483,63 HIGH CROSSING CROSSING,50877 BRENTWOOD PLAZA,
430,216,03163 SHOPKO DRIVE,6479 OAKRIDGE ROAD,
360,36,159 8TH HILL,14809 KEDZIE DRIVE,
138,293,9860 HARPER HILL,11209 4TH PASS,
368,184,60 CLAREMONT PASS,260 OAK STREET,
344,483,570 PAGET POINT,791 BADEAU CIRCLE,
421,59,59 DELLADONNA JUNCTION,430 BASHFORD AVENUE,
240,175,025 MAYER CIRCLE,120 HEATH ALLEY,
132,369,9419 SOUTH ROAD,854 OHIO AVENUE,
473,204,1023 MESSERSCHMIDT PLAZA,10 TEXAS CENTER,
197,1,306 HARBORT PARKWAY,7406 FOREST DALE PLACE,
391,97,229 CHINOOK POINT,04 PRAIRIEVIEW AVENUE,
265,125,4 NORTHLAND CROSSING,2723 OAKRIDGE WAY,
377,267,7396 MEADOW RIDGE TRAIL,680 RANDY PLAZA,
283,223,567 ONSGARD PARKWAY,14789 LINDEN ALLEY,
242,362,866 BLUEJAY LANE,313 COMANCHE ALLEY,
294,96,24224 VIDON PARK,35 CLOVE PLAZA,
400,216,1327 BAY WAY,5997 KENWOOD AVENUE,
396,414,9 BAYSIDE CENTER,7 LERDAHL COURT,
132,388,9 STONE CORNER PLACE,23 SUSAN CIRCLE,
39,116,3 ORIOLE TERRACE,4 RIDGEVIEW PLACE,
321,61,03 CHIVE AVENUE,0734 ARIZONA PASS,
329,190,796 CASCADE JUNCTION,127 4TH CROSSING,
123,303,44590 ILENE PARK,4 THOMPSON PASS,
41,60,988 HOEPKER ROAD,1 BIRCHWOOD HILL,
247,283,9 MCCORMICK CIRCLE,4969 NOVICK LANE,
117,291,827 BLUEJAY TERRACE,18171 SUGAR CIRCLE,
432,322,1 MARQUETTE LANE,5465 SUSAN PLAZA,
97,399,16589 LONDONDERRY ALLEY,09 TWIN PINES PLAZA,
223,466,9329 PARK MEADOW CIRCLE,89 HOLLOW RIDGE LANE,
57,112,99437 GRIM PARK,0403 BUENA VISTA TRAIL,
73,94,461 TENNESSEE COURT,07 MALLORY PARKWAY,
81,434,5136 RYAN PLAZA,570 DENNIS TERRACE,
416,413,531 HANSONS HILL,0 MOCKINGBIRD CIRCLE,
245,411,19985 POND PARKWAY,9699 CALYPSO CENTER,
85,161,90391 LINDEN DRIVE,9 NOVA HILL,
495,439,2322 NOVICK WAY,07 ARKANSAS CROSSING,
490,47,3 7TH CROSSING,00 SHELLEY STREET,
16,242,60 SHOPKO DRIVE,8418 FORSTER PASS,
289,334,4476 SHASTA PARKWAY,6 JANA AVENUE,
453,86,46395 SUNFIELD PARK,369 LONDONDERRY CENTER,
367,402,89 HOARD CROSSING,746 DAWN PARKWAY,
54,445,29863 UPHAM CIRCLE,9 MELROSE PARKWAY,
37,23,0 DWIGHT PARK,0 LUNDER WAY,
263,456,6 STONE CORNER HILL,269 BIRCHWOOD HILL,
360,272,42 SHASTA TERRACE,415 COLORADO CROSSING,
185,31,832 SHERMAN CROSSING,575 FAIRVIEW COURT,
364,44,129 GREEN RIDGE JUNCTION,3915 MCBRIDE TRAIL,
162,222,608 HANOVER CENTER,480 PORTER ROAD,
335,496,753 IOWA COURT,7252 MELVIN TRAIL,
135,178,85 ATWOOD PLACE,85 UTAH POINT,
148,226,00 POND LANE,48111 MANUFACTURERS POINT,
318,300,74204 HAGAN WAY,4 LYONS CIRCLE,
151,386,0218 REDWING WAY,343 GULSETH POINT,
445,454,8 PACKERS ALLEY,7956 FULTON PARK,
34,483,07 TENNYSON WAY,65764 ALPINE ROAD,
303,64,688 KENSINGTON CIRCLE,3526 MENDOTA DRIVE,
395,27,4270 BECKER PLACE,09059 DOVETAIL PLAZA,
69,439,5148 ARKANSAS CROSSING,3 NORWAY MAPLE ALLEY,
240,240,06 GREEN RIDGE WAY,6 KATIE TERRACE,
426,71,31 VILLAGE GREEN COURT,11 TONY PASS,
222,223,675 BASHFORD CENTER,13588 SCHILLER CENTER,
408,367,297 MAPLE WOOD CROSSING,0216 BRICKSON PARK POINT,
70,196,17342 MAYFIELD COURT,7079 POND ROAD,
342,296,2 MICHIGAN DRIVE,3460 KNUTSON CIRCLE,
89,120,79 BEILFUSS DRIVE,210 HOEPKER PASS,
421,498,1372 CONTINENTAL CROSSING,8589 MACPHERSON POINT,
393,270,759 DECLARATION PLACE,2336 TALMADGE CENTER,
434,249,8740 KENSINGTON PASS,38024 BURNING WOOD CROSSING,
253,32,4292 HEFFERNAN COURT,074 POND TRAIL,
385,135,1870 FAIRVIEW PASS,77 DAYSTAR STREET,
146,450,986 GULSETH AVENUE,2830 SAUTHOFF CENTER,
174,414,42759 ANDERSON CROSSING,76 BLUEJAY DRIVE,
440,154,950 CALIANGT COURT,92 BUTTERNUT PLACE,
66,105,27 RIDGEWAY LANE,73 WELCH TRAIL,
40,398,70 TOMSCOT TERRACE,13685 STUART POINT,
285,432,36 CALIANGT STREET,3 HAAS TRAIL,
439,216,65 DOTTIE PLAZA,5135 PANKRATZ CENTER,
237,87,48 LOOMIS PLAZA,05 DONALD COURT,
243,293,941 BUNTING LANE,4 UTAH WAY,
246,87,33968 OAKRIDGE ALLEY,01135 BLUE BILL PARK STREET,
139,321,68 HOLLOW RIDGE COURT,458 WESTERFIELD STREET,
482,265,674 FARWELL ALLEY,081 NOVA PARK,
426,10,87 FREMONT CROSSING,824 MCBRIDE PLACE,
342,62,99 RIDGEVIEW CIRCLE,3 COMANCHE ALLEY,
469,421,41 OAK VALLEY CROSSING,5 ELGAR ALLEY,
441,448,44 JACKSON ROAD,036 NORTHWESTERN WAY,
87,455,47310 BLACKBIRD STREET,5368 LEROY CROSSING,
149,108,56 WAUBESA AVENUE,29816 VEITH TERRACE,
402,243,6 WARBLER POINT,46 2ND HILL,
68,394,347 SCHOOL JUNCTION,11302 NOVA CENTER,
271,79,7 THACKERAY PASS,1176 WAYWOOD TRAIL,
131,200,34 CHEROKEE PLAZA,15778 EGGENDART HILL,
479,94,7561 CORDELIA COURT,0 LAKEWOOD CROSSING,
365,445,72183 GRIM PARK,71735 SUNFIELD POINT,
263,338,041 MOSINEE COURT,0 JENNA CROSSING,
17,220,40 MERRICK TRAIL,81401 ANDERSON PLAZA,
466,366,93 ROCKEFELLER CROSSING,92605 SCOTT TERRACE,
382,261,84903 DEBRA PLACE,219 SUPERIOR PLAZA,
338,494,946 DAVID POINT,0 COLORADO CROSSING,
237,152,87 AMOTH WAY,96 FULLER WAY,
457,445,51201 CHINOOK PARK,5315 WAYRIDGE HILL,
280,48,8 LAKE VIEW JUNCTION,016 SHOPKO PLAZA,
416,444,7610 FIELDSTONE CENTER,72 VERNON TRAIL,
356,247,2083 SHERIDAN POINT,49017 RIVERSIDE PARKWAY,
327,85,32185 KENNEDY JUNCTION,32 HOARD CIRCLE,
417,43,641 BANDING PARKWAY,30 HOEPKER TERRACE,
319,312,0151 ORIN TRAIL,7 MILWAUKEE JUNCTION,
317,237,91636 STOUGHTON ALLEY,0 ARROWOOD LANE,
414,309,4 SUSAN ALLEY,7526 ORIN AVENUE,
438,42,6345 WEEPING BIRCH WAY,2 HINTZE STREET,
112,480,7 SPENSER PLAZA,70 KINGS AVENUE,
180,322,8523 BARNETT TRAIL,854 PRAIRIEVIEW PARKWAY,
275,101,83 NORTHPORT CIRCLE,0207 HAVEY LANE,
500,160,302 PORTER PLAZA,0991 INDEPENDENCE PASS,
171,422,92 LILLIAN ALLEY,3629 WAXWING ROAD,
90,126,3 KIPLING HILL,983 CALIANGT TRAIL,
133,392,19782 RUTLEDGE PARKWAY,86918 AMERICAN CENTER,
158,366,33 WEST COURT,65523 ROXBURY TERRACE,
86,234,24 MILLER WAY,8 EVERETT PLAZA,
476,143,77645 SCHMEDEMAN WAY,89 LITTLE FLEUR CIRCLE,
74,266,75 COMMERCIAL COURT,0075 HOLLOW RIDGE TRAIL,
118,463,0079 AMERICAN ASH HILL,2562 2ND POINT,
454,38,079 WARRIOR PASS,97 SCHURZ JUNCTION,
317,9,0824 DEL SOL PASS,6661 BECKER PARKWAY,
493,449,8 GRANBY CIRCLE,6442 GRACELAND ROAD,
